-- phpMyAdmin SQL Dump
-- version 5.2.1
-- https://www.phpmyadmin.net/
--
-- Host: localhost
-- Erstellungszeit: 12. Feb 2025 um 21:46
-- Server-Version: 10.4.28-MariaDB
-- PHP-Version: 8.2.4

SET SQL_MODE = "NO_AUTO_VALUE_ON_ZERO";
START TRANSACTION;
SET time_zone = "+00:00";


/*!40101 SET @OLD_CHARACTER_SET_CLIENT=@@CHARACTER_SET_CLIENT */;
/*!40101 SET @OLD_CHARACTER_SET_RESULTS=@@CHARACTER_SET_RESULTS */;
/*!40101 SET @OLD_COLLATION_CONNECTION=@@COLLATION_CONNECTION */;
/*!40101 SET NAMES utf8mb4 */;

--
-- Datenbank: `anlehudb`
--

-- --------------------------------------------------------

--
-- Tabellenstruktur für Tabelle `countries`
--

CREATE TABLE `countries` (
  `id` int(11) NOT NULL,
  `name` varchar(100) NOT NULL,
  `iso_code` varchar(3) NOT NULL
) ENGINE=InnoDB DEFAULT CHARSET=utf8mb4 COLLATE=utf8mb4_general_ci;

--
-- Daten für Tabelle `countries`
--

INSERT INTO `countries` (`id`, `name`, `iso_code`) VALUES
(1, 'USA', 'US'),
(2, 'Kanada', 'CA'),
(3, 'Vereinigtes Königreich', 'GB'),
(4, 'Frankreich', 'FR'),
(5, 'Deutschland', 'DE'),
(6, 'Italien', 'IT'),
(7, 'Spanien', 'ES'),
(8, 'Australien', 'AU'),
(9, 'Neuseeland', 'NZ'),
(10, 'Südafrika', 'ZA'),
(11, 'Mexiko', 'MX'),
(12, 'Brasilien', 'BR'),
(13, 'Indien', 'IN'),
(14, 'China', 'CN'),
(15, 'Japan', 'JP'),
(16, 'Süd Korea', 'KR'),
(17, 'Vereinigte Arabische Emirate', 'AE'),
(18, 'Thailand', 'TH'),
(19, 'Marokko', 'MA'),
(20, 'Tschechien', 'CZ'),
(21, 'Ungarn', 'HU'),
(22, 'Irland', 'IE'),
(23, 'Schweden', 'SE'),
(24, 'Norwegen', 'NO'),
(25, 'Finland', 'FI'),
(26, 'Dänemark', 'DK'),
(27, 'Island', 'IS'),
(28, 'Argentinien', 'AR'),
(29, 'Chile', 'CL'),
(30, 'Peru', 'PE'),
(31, 'Kolumbien', 'CO'),
(32, 'Schweiz', 'CH'),
(33, 'Östereich', 'AT'),
(34, 'Portugal', 'PT'),
(35, 'Griechenland', 'GR'),
(36, 'Türkei', 'TR'),
(37, 'Malaysia', 'MY'),
(38, 'Indonesien', 'ID'),
(39, 'Vietnam', 'VN'),
(40, 'Philippinen', 'PH'),
(41, 'Russland', 'RU'),
(42, 'Jordanien', 'JO'),
(43, 'Ägypten', 'EG'),
(44, 'Tunesien', 'TN'),
(48, 'Costa Rica', 'CR'),
(49, 'Fiji', 'FJ'),
(50, 'Malta', 'MT'),
(51, 'Kroatien', 'HR'),
(52, 'Polen', 'PL'),
(53, 'Guatemala', 'GT'),
(54, 'Puerto Rico', 'PR');

-- --------------------------------------------------------

--
-- Tabellenstruktur für Tabelle `locations`
--

CREATE TABLE `locations` (
  `id` int(11) NOT NULL,
  `location_name` varchar(255) DEFAULT NULL,
  `film_description` text DEFAULT NULL,
  `real_description` text DEFAULT NULL,
  `street_address` varchar(255) DEFAULT NULL,
  `postal_code` varchar(20) DEFAULT NULL,
  `city` varchar(100) DEFAULT NULL,
  `image_url` varchar(500) DEFAULT NULL,
  `latitude` decimal(10,7) DEFAULT NULL,
  `longitude` decimal(10,7) DEFAULT NULL,
  `country_id` int(11) NOT NULL,
  `movie_id` int(11) NOT NULL
) ENGINE=InnoDB DEFAULT CHARSET=utf8mb4 COLLATE=utf8mb4_general_ci;

--
-- Daten für Tabelle `locations`
--

INSERT INTO `locations` (`id`, `location_name`, `film_description`, `real_description`, `street_address`, `postal_code`, `city`, `image_url`, `latitude`, `longitude`, `country_id`, `movie_id`) VALUES
(1, 'Alnwick Castle', 'Wurde als Hogwarts in Harry Potter und der Stein der Weisen und Harry Potter und die Kammer des Schreckens genutzt, insbesondere für die Flugstunden mit Madam Hooch.', 'Eine historische Burg in Northumberland, England, bekannt für ihre mittelalterliche Architektur.', 'Alnwick, Northumberland', 'NE66 1NQ', 'Alnwick', 'https://upload.wikimedia.org/wikipedia/commons/a/a1/Alnwick_Castle_in_uk.jpg', 55.4157716, -1.7059633, 3, 1),
(2, 'Kathedrale von Gloucester', 'Diente als Hogwarts-Korridore in mehreren Harry Potter-Filmen, einschließlich der Szene mit den blutigen Schriftzügen der Kammer des Schreckens.', 'Eine gotische Kathedrale in Gloucester, England, die für ihre beeindruckenden Glasfenster und mittelalterliche Architektur bekannt ist.', '12 College Grn', 'GL1 2LX', 'Gloucester', 'https://upload.wikimedia.org/wikipedia/commons/thumb/d/d6/The_Cloisters_at_Gloucester_Cathedral.jpg/2560px-The_Cloisters_at_Gloucester_Cathedral.jpg', 51.8674151, -2.2465717, 3, 1),
(3, 'Glenfinnan Viaduct', 'Diente als die Bahnstrecke des Hogwarts Express, insbesondere in der Szene mit dem fliegenden Auto in Harry Potter und die Kammer des Schreckens.', 'Ein beeindruckendes Eisenbahnviadukt in den schottischen Highlands, berühmt für seine 21 Bögen.', NULL, 'PH37 4LT', 'Glenfinnan', 'https://upload.wikimedia.org/wikipedia/commons/thumb/1/17/Glenfinnan_Viaduct.jpg/1920px-Glenfinnan_Viaduct.jpg', 56.8764283, -5.4318018, 3, 2),
(4, 'Leadenhall Market', 'Diente als Kulisse für die Winkelgasse in Harry Potter und der Stein der Weisen.', 'Ein viktorianischer überdachter Markt in London mit malerischer Architektur und kleinen Läden.', 'Gracechurch St', 'EC3V 1LT', 'London', 'https://upload.wikimedia.org/wikipedia/commons/thumb/4/46/Leadenhall_Market_In_London_-_Feb_2006_rotated.jpg/1600px-Leadenhall_Market_In_London_-_Feb_2006_rotated.jpg', 51.5129463, -0.0835611, 3, 1),
(5, 'Christ Church College', 'Diente in den Harry Potter Filmen als Vorlage für die Große Halle von Hogwarts und wurde in mehreren Szenen verwendet.', 'Ein berühmtes College der Universität Oxford mit beeindruckender Architektur und einem Speisesaal, der als Inspiration für Hogwarts diente.', 'St Aldate\'s', 'OX1 1DP', 'Oxford', 'https://upload.wikimedia.org/wikipedia/commons/thumb/4/49/1_christ_church_hall_2012.jpg/2560px-1_christ_church_hall_2012.jpg', 51.7499397, -1.2557802, 3, 1),
(6, 'Durham Cathedral', 'Wurde in den Harry Potter Filmen als Teil der Hogwarts-Kulisse in mehreren Filmen genutzt.', 'Eine normannische Kathedrale in Durham, England, bekannt für ihre romanische Architektur.', NULL, 'DH1 3EH', 'Durham', 'https://upload.wikimedia.org/wikipedia/commons/thumb/d/d6/Durham_MMB_02_Cathedral.jpg/2560px-Durham_MMB_02_Cathedral.jpg', 54.7733009, -1.5764457, 3, 1),
(7, 'Lacock Abbey', 'Wurde in den Harry Potter Filmen für mehrere Hogwarts-Klassenzimmer und Gänge genutzt, darunter Professor Snapes Kerker.', 'Ein ehemaliges Kloster in Wiltshire, England, das oft für Film- und TV-Produktionen genutzt wird.', 'Lacock', 'SN15 2LG', 'Chippenham', 'https://upload.wikimedia.org/wikipedia/commons/thumb/b/b0/Lacock_Abbey_Cloisters,_Wiltshire,_UK_-_Diliff.jpg/500px-Lacock_Abbey_Cloisters,_Wiltshire,_UK_-_Diliff.jpg', 51.4147466, -2.1200816, 3, 1),
(8, 'King’s Cross Station', 'Diente in den Harry Potter Filmen als Drehort für den berühmten Hogwarts Express-Abfahrtspunkt, inklusive der Szene, in der Harry das erste Mal durch die Wand geht.', 'Ein großer Bahnhof in London, weltberühmt für den Bahnsteig 9¾ aus den Harry Potter-Filmen.', 'Euston Rd.', 'N1 9AL', 'London', 'https://upload.wikimedia.org/wikipedia/commons/8/89/King\'s_Cross_station_geograph-3671508-by-Stephen-McKay.jpg', 51.5318570, -0.1235426, 3, 1),
(9, 'Australian High Commission', 'Diente als Inspiration für die Gringotts-Zaubererbank in Harry Potter und der Stein der Weisen.', 'Das australische Botschaftsgebäude in London mit beeindruckender Innenarchitektur.', 'Strand', 'WC2B 4LA', 'London', 'https://upload.wikimedia.org/wikipedia/commons/thumb/5/50/Australia_House_-_geograph.org.uk_-_3243224.jpg/640px-Australia_House_-_geograph.org.uk_-_3243224.jpg', 51.5129479, -0.1152606, 3, 1),
(10, 'Millennium Bridge', 'Diente als Drehort für die Zerstörungsszene in Harry Potter und der Halbblutprinz, als die Todesser die Brücke angreifen.', 'Eine berühmte Fußgängerbrücke in London, die die Themse überspannt.', 'Thames Embankment', 'EC4V 3QH', 'London', 'https://upload.wikimedia.org/wikipedia/commons/thumb/3/38/Millenium_bridge_2015.jpg/1280px-Millenium_bridge_2015.jpg', 51.5096159, -0.0985318, 3, 6),
(11, 'Bodleian Library', 'Diente als Hogwarts-Bibliothek und als Krankenflügel in mehreren Harry Potter-Filmen.', 'Eine der ältesten Bibliotheken Europas in Oxford, England, mit beeindruckender gotischer Architektur.', 'Broad St', 'OX1 3BG', 'Oxford', 'https://upload.wikimedia.org/wikipedia/commons/thumb/a/a9/Divinity_School_Interior_1,_Bodleian_Library,_Oxford,_UK_-_Diliff.jpg/1374px-Divinity_School_Interior_1,_Bodleian_Library,_Oxford,_UK_-_Diliff.jpg?20150316011904', 51.7541792, -1.2540313, 3, 1),
(12, 'New College', 'Diente als Kulisse für den Hogwarts-Innenhof in Harry Potter und der Feuerkelch, wo Draco Malfoy in ein Frettchen verwandelt wird.', 'Ein College der Universität Oxford, das für seine altehrwürdige Architektur bekannt ist.', 'Holywell St', 'OX1 3BN', 'Oxford', 'https://upload.wikimedia.org/wikipedia/commons/thumb/8/8a/New_College_Cloisters,_Oxford,_July_24,_2023.jpg/1920px-New_College_Cloisters,_Oxford,_July_24,_2023.jpg', 51.7549373, -1.2506608, 3, 4),
(13, 'Hardwick Hall', 'Diente als Vorlage für Malfoy Manor in Harry Potter und die Heiligtümer des Todes – Teil 1.', 'Ein elisabethanisches Herrenhaus in Derbyshire, England.', 'Doe Lea', 'S44 5QJ', 'Chesterfield', 'https://upload.wikimedia.org/wikipedia/commons/thumb/5/58/At_Hardwick_Hall_2024_158.jpg/2560px-At_Hardwick_Hall_2024_158.jpg', 53.1689196, -1.3087798, 3, 7),
(14, 'Malham Cove', 'Diente als Versteck für Harry und Hermine in Harry Potter und die Heiligtümer des Todes – Teil 1.', 'Ein spektakulärer Kalksteinfelsen in Yorkshire, England.', 'Malham', 'BD23 4DJ', 'Skipton', 'https://upload.wikimedia.org/wikipedia/commons/d/dd/Malham_lings_02.JPG', 54.0729710, -2.1578650, 3, 7),
(15, 'Lavenham', 'Diente als Godric’s Hollow, das Geburtsdorf von Harry Potter, in Harry Potter und die Heiligtümer des Todes – Teil 1.', 'Ein historisches Dorf in Suffolk, England, bekannt für seine Fachwerkhäuser.', NULL, 'CO10 9RA', 'Lavenham', 'https://upload.wikimedia.org/wikipedia/commons/thumb/a/a4/Lavenham_High_Street.jpg/2560px-Lavenham_High_Street.jpg', 52.1076773, 0.7951914, 3, 7),
(16, 'Swinley Forest', 'Diente als Kulisse für den Verbotenen Wald in Harry Potter und die Heiligtümer des Todes – Teil 1.', 'Ein dichter Wald in Berkshire, England.', NULL, 'RG12 7QW', 'Bracknell', 'https://wolfgangsfilmlocationguide.blog/wp-content/uploads/2019/03/swinley-forest-harry-potter.jpg?w=1500', 51.3844447, -0.7406531, 3, 7),
(17, 'Seven Sisters', 'Diente als Kulisse für die Szene, in der Harry Dobby am Strand begräbt in Harry Potter und die Heiligtümer des Todes – Teil 1.', 'Eine atemberaubende Kreidefelsenküste in Sussex, England.', NULL, 'BN20 0AB', 'Eastbourne', 'https://upload.wikimedia.org/wikipedia/commons/thumb/b/b4/Seven_Sisters_Panorama,_East_Sussex,_England_-_May_2009.jpg/2880px-Seven_Sisters_Panorama,_East_Sussex,_England_-_May_2009.jpg', 50.7481737, 0.1896333, 3, 7),
(18, 'Goathland Station', 'Diente in den Harry Potter Filmen als Hogsmeade Station, wo die Schüler nach ihrer Fahrt mit dem Hogwarts Express ankommen.', 'Ein kleiner Bahnhof in North Yorkshire, England.', 'Goathland', 'YO22 5NF', 'Whitby', 'https://upload.wikimedia.org/wikipedia/commons/thumb/5/5b/Goathland_Station_-_geograph.org.uk_-_5138671.jpg/640px-Goathland_Station_-_geograph.org.uk_-_5138671.jpg', 54.4007396, -0.7121820, 3, 1),
(19, 'Loch Shiel', 'Diente als der Schwarze See rund um Hogwarts in den Harry Potter Filmen.', 'Ein wunderschöner See in den schottischen Highlands, umgeben von Bergen.', NULL, 'PH37 4LT', 'Glenfinnan', 'https://upload.wikimedia.org/wikipedia/commons/thumb/1/13/Glenfinnan_monument_and_Loch_Shiel.jpg/1200px-Glenfinnan_monument_and_Loch_Shiel.jpg', 56.8691569, -5.4376393, 3, 3),
(20, 'Loch Eilt', 'Diente als Drehort für Dumbledores Grab auf einer kleinen Insel in Harry Potter und die Heiligtümer des Todes – Teil 1.', 'Ein kleiner See in den schottischen Highlands, der für seine mystische Atmosphäre bekannt ist.', NULL, 'PH38 4LZ', 'Lochailort', 'https://upload.wikimedia.org/wikipedia/commons/thumb/8/89/Loch_Eilt,_Highland.jpg/640px-Loch_Eilt,_Highland.jpg', 56.8828377, -5.6286751, 3, 1),
(21, 'Claremont Square', 'Diente in den Harry Potter Filmen als Drehort für Grimmauldplatz 12, das Hauptquartier des Orden des Phönix.', 'Ein schöner Platz in London mit viktorianischen Reihenhäusern.', 'Islington', 'N1 9LY', 'London', 'https://upload.wikimedia.org/wikipedia/commons/thumb/1/12/Edward_Irving_-_4_Claremont_Square_Islington_London_N1_9LY.jpg/900px-Edward_Irving_-_4_Claremont_Square_Islington_London_N1_9LY.jpg?20200425223952', 51.5312272, -0.1092060, 3, 5),
(22, 'Piccadilly Circus', 'Diente als Kulisse in Harry Potter und die Heiligtümer des Todes – Teil 1, als Harry, Ron und Hermine vor den Todessern fliehen.', 'Eines der berühmtesten Wahrzeichen Londons mit hellen Leuchtreklamen.', 'Piccadilly', 'W1J 9HS', 'London', 'https://upload.wikimedia.org/wikipedia/commons/thumb/0/0e/Eingang_zur_London_Underground_am_Piccadilly_Circus.jpg/2560px-Eingang_zur_London_Underground_am_Piccadilly_Circus.jpg', 51.5095135, -0.1367893, 3, 1),
(23, '4-6 Chapel Hill, Lacock', 'Diente als das Haus von Professor Slughorn in Harry Potter und der Halbblutprinz, wo Dumbledore und Harry ihn aufspüren.', 'Ein historisches Haus im Dorf Lacock, das oft für Filmproduktionen genutzt wird.', '4-6 Chapel Hill', 'SN15 2LA', 'Lacock', 'https://i0.wp.com/whattodoattheweekend.com/wp-content/uploads/2022/09/Photos-of-Lacock-11.webp?resize=806,363&ssl=1', 51.4165245, -2.1236422, 3, 6),
(24, 'Freshwater West', 'Diente als Drehort für Shell Cottage, das Versteck von Bill und Fleur Weasley in Harry Potter und die Heiligtümer des Todes – Teil 2.', 'Ein malerischer Strand in Wales, der für seine Sanddünen bekannt ist.', NULL, 'SA71 5AH', 'Pembroke', 'https://upload.wikimedia.org/wikipedia/commons/thumb/9/9e/Freshwater_West_beach_(15803847279).jpg/1280px-Freshwater_West_beach_(15803847279).jpg', 51.6660467, -5.0618913, 3, 8),
(25, 'Reptile House, London Zoo', 'Drehort für die Szene in Harry Potter und der Stein der Weisen, in der Harry mit einer Schlange spricht.', 'Ein Reptilienhaus im Londoner Zoo.', 'The Regent\'s Park', 'NW1 4RY', 'London', 'https://upload.wikimedia.org/wikipedia/commons/2/2e/Reptile_House_entrance,_London_Zoo,_England-1Jan2011.jpg', 51.5353214, -0.1556007, 3, 1),
(26, 'Westminster Tube Station', 'Diente als Kulisse in Harry Potter und der Orden des Phönix, als Mr. Weasley und Harry durch die U-Bahn reisen.', 'Eine berühmte Londoner U-Bahn-Station.', 'Underground Ltd, Westminster Station, Bridge St', 'SW1A 2JR', 'London', 'https://upload.wikimedia.org/wikipedia/commons/thumb/b/be/Westminster.tube.station.district.london.arp.jpg/1024px-Westminster.tube.station.district.london.arp.jpg', 51.5014724, -0.1248248, 3, 5),
(27, 'Duke Humfrey’s Library', 'Diente als Hogwarts-Bibliothek in mehreren Harry Potter-Filmen.', 'Ein Teil der Bodleian Library in Oxford, bekannt für ihre mittelalterlichen Bücherregale.', 'The White Horse, Broad St', 'OX1 3BB', 'Oxford', 'https://upload.wikimedia.org/wikipedia/commons/e/e1/Duke_Humfrey\'s_Library_Interior_6,_Bodleian_Library,_Oxford,_UK_-_Diliff.jpg', 51.7540539, -1.2545827, 3, 1),
(31, 'Louvre', 'Im Film The Da Vinci Code ist der Louvre der Schauplatz des Mordes an Jacques Saunière, was die Suche nach dem Heiligen Gral in Gang setzt.', 'Das weltberühmte Kunstmuseum in Paris, bekannt für seine Glaspyramide und ikonische Kunstwerke wie die Mona Lisa.', 'Rue de Rivoli', '75001', 'Paris', 'https://upload.wikimedia.org/wikipedia/commons/c/c3/West_facade_of_the_Cour_Carrée,_Louvre_Palace,_Paris_5_October_2017.jpg', 48.8607169, 2.3376333, 4, 19),
(32, 'Saint-Sulpice Church', 'Im Film The Da Vinci Code dient die Kirche als eines der versteckten Hinweise auf den Heiligen Gral. Silas sucht hier nach dem \"Rosenlinien\"-Hinweis.', 'Eine historische Kirche in Paris mit beeindruckenden Türmen und einer berühmten Gnomon-Sonnenuhr.', '2 Rue Palatine', '75006', 'Paris', 'https://upload.wikimedia.org/wikipedia/commons/e/ee/P1000811_Paris_VI_Saint-Sulpice_Façade_reductwk.JPG', 48.8511155, 2.3350051, 4, 19),
(33, 'Lincoln Cathedral', 'Im Film The Da Vinci Code ist sie der Ort, an dem Robert Langdon nach dem Grab von Sir Isaac Newton sucht.', 'Eine gotische Kathedrale in Lincoln, England. Sie diente als Ersatz für Westminster Abbey, da dort keine Dreharbeiten erlaubt waren.', 'Minster Yard', 'LN2 1PX', 'Lincoln', 'https://upload.wikimedia.org/wikipedia/commons/thumb/d/dd/LincolnCathedral.jpg/2560px-LincolnCathedral.jpg', 53.2343803, -0.5360156, 3, 19),
(34, 'Temple Church', 'Im Film The Da Vinci Code ist es einer der Schlüsselpunkte in Langdons Suche, da hier ein wichtiger Hinweis auf den Heiligen Gral gefunden wird.', 'Eine historische Kirche in London, gegründet von den Tempelrittern im 12. Jahrhundert.', 'Temple', 'EC4Y 7BB', 'London', 'https://upload.wikimedia.org/wikipedia/commons/f/f4/Temple_Church,_Temple,_London_EC4_(2).jpeg', 51.5134373, -0.1103183, 3, 19),
(35, 'Rosslyn Chapel', 'Im Film The Da Vinci Code enthüllt Langdon hier die Wahrheit über den Heiligen Gral und Sophie Neveus wahre Identität.', 'Eine gotische Kapelle in Schottland, bekannt für ihre geheimnisvollen Steinmetzarbeiten und Legenden rund um die Tempelritter.', 'Chapel Loan', 'EH25 9PU', 'Roslin', 'https://upload.wikimedia.org/wikipedia/commons/thumb/8/87/Rosslyn_Chapel1.jpg/640px-Rosslyn_Chapel1.jpg', 55.8555350, -3.1602260, 3, 19),
(36, 'St Bartholomew’s Hospital', 'In Sherlock Holmes (2009) ist dies der Ort, an dem Watson als Arzt tätig ist und Holmes sich regelmäßig medizinische Hilfe holt.', 'Das älteste Krankenhaus Londons, gegründet 1123. Berühmt für seine Architektur und seine Verbindung zu medizinischer Geschichte.', 'W Smithfield', 'EC1A 7BE', 'London', 'https://upload.wikimedia.org/wikipedia/commons/thumb/b/b4/Barts.jpg/800px-Barts.jpg', 51.5176295, -0.1000678, 3, 23),
(37, 'Brompton Cemetery', 'In Sherlock Holmes (2009) wurde der Friedhof für eine düstere Kampfszene genutzt, in der Holmes gegen Lord Blackwoods Handlanger kämpft.', 'Ein beeindruckender viktorianischer Friedhof in London, bekannt für seine neoklassische Architektur und mystische Atmosphäre.', 'Fulham Rd.', 'SW10 9UG', 'London ', 'https://upload.wikimedia.org/wikipedia/commons/a/a9/Brompton_Cemetery_SE_Arcade_01.JPG', 51.4842021, -0.1897585, 3, 23),
(38, 'Strasbourg Cathedral', 'In Sherlock Holmes: Spiel im Schatten (2011) diente die Kathedrale als Kulisse für eine explosive Attentatsszene mit Professor Moriarty.', 'Eine gotische Kathedrale im Elsass, Frankreich, bekannt für ihre spektakuläre Architektur und astronomische Uhr.', 'Pl. de la Cathédrale, 67000 Strasbourg, Frankreich', '67000', 'Straßburg', 'https://upload.wikimedia.org/wikipedia/commons/thumb/e/ea/Strasbourg_Cathedral.jpg/1583px-Strasbourg_Cathedral.jpg', 48.5820502, 7.7510133, 4, 24),
(39, 'Reichenbach Falls', 'In Sherlock Holmes: Spiel im Schatten (2011) ist dies der Ort des finalen Kampfes zwischen Sherlock Holmes und Professor Moriarty, wo beide in die Tiefe stürzen.', 'Einer der berühmtesten Wasserfälle der Schweiz, bekannt für seine dramatische Höhe und wilde Natur.', 'Reichenbach', '3860', 'Meiringen', 'https://upload.wikimedia.org/wikipedia/commons/thumb/0/0c/Schattenhalb_Reichenbachfall_7-05-2024_10-56-28.jpg/1024px-Schattenhalb_Reichenbachfall_7-05-2024_10-56-28.jpg', 46.7149118, 8.1828106, 32, 24),
(40, 'Cliveden', 'In Sherlock Holmes: Spiel im Schatten (2011) diente Cliveden House als Kulisse für Moriartys geheimer Konferenz mit europäischen Staatsmännern.', 'Ein luxuriöses Herrenhaus in England mit prachtvollen Gärten, oft als Kulisse für historische Filme genutzt.', 'Cliveden Road', 'SL6 0JF', 'Taplow', 'https://upload.wikimedia.org/wikipedia/commons/thumb/1/18/Cliveden,_June_2005.JPG/800px-Cliveden,_June_2005.JPG', 51.5582199, -0.6882723, 3, 24),
(41, 'Manchester Town Hall', 'In Sherlock Holmes (2009) diente die Town Hall als Innenkulisse für das britische Parlament und einige viktorianische Londoner Straßen.', 'Eine neugotische Rathausanlage aus dem 19. Jahrhundert, die als eines der schönsten Bauwerke Englands gilt.', 'Albert Square', 'M60 2LA', 'Manchester', 'https://upload.wikimedia.org/wikipedia/commons/thumb/7/77/Town_Hall_Manchester.jpg/1280px-Town_Hall_Manchester.jpg', 53.4794094, -2.2437985, 3, 23),
(42, 'Manchester Town Hall', 'In Sherlock Holmes (2009) diente die Town Hall als Innenkulisse für das britische Parlament und einige viktorianische Londoner Straßen.', 'Eine neugotische Rathausanlage aus dem 19. Jahrhundert, die als eines der schönsten Bauwerke Englands gilt.', 'Albert Square', 'M60 2LA', 'Manchester', 'https://upload.wikimedia.org/wikipedia/commons/thumb/7/77/Town_Hall_Manchester.jpg/1280px-Town_Hall_Manchester.jpg', 53.4794094, -2.2437985, 3, 23),
(43, 'Hatfield House', 'In Sherlock Holmes (2009) wurden hier Innenaufnahmen für das Herrenhaus von Lord Blackwood gedreht.', 'Ein prunkvolles englisches Herrenhaus aus dem 17. Jahrhundert mit opulenten Räumen und riesigen Gärten.', 'Great North Road', 'AL9 5HX', 'Hatfield', 'https://upload.wikimedia.org/wikipedia/commons/d/d1/Hatfield_House_(14207504937).jpg', 51.7607676, -0.2091635, 3, 23),
(44, 'The Reform Club', 'In Sherlock Holmes (2009) wurden hier mehrere Szenen mit Sherlock, Watson und dem britischen Geheimdienst gedreht.', 'Ein exklusiver Londoner Club aus dem 19. Jahrhundert, berühmt für seine luxuriösen Innenräume.', '104 Pall Mall', 'SW1Y 5EW', 'London', 'https://upload.wikimedia.org/wikipedia/commons/7/7f/Reform_Club_02.JPG', 51.5067937, -0.1335432, 3, 23),
(45, 'Hampton Court Palace', 'In Sherlock Holmes: Spiel im Schatten (2011) wurden hier einige Szenen von Moriartys Geheimplänen gedreht.', 'Ein königlicher Palast in England, bekannt für seine Tudor-Architektur und berühmten Gärten.', 'East Molesey', 'KT8 9AU', 'London', 'https://upload.wikimedia.org/wikipedia/commons/thumb/e/e7/Hampton_Court_Palace_from_the_Privy_Garden.jpg/1200px-Hampton_Court_Palace_from_the_Privy_Garden.jpg', 51.4037667, -0.3377945, 3, 24),
(46, 'Victoria Bridge', 'In Sherlock Holmes: Spiel im Schatten (2011) wurde hier die spektakuläre Explosion einer Brücke in der Nähe von Paris gefilmt.', 'Eine eiserne Bogenbrücke über den Severn River, bekannt für ihre viktorianische Ingenieurskunst.', 'Severn Valley', 'DY12 1BN', 'Bewdley', 'https://upload.wikimedia.org/wikipedia/commons/a/a3/Victoria_Bridge_-_geograph.org.uk_-_481030.jpg', 52.5459404, -2.4015078, 3, 24),
(47, 'Meiringen Train Station', 'In Sherlock Holmes: Spiel im Schatten (2011) steigt Sherlock hier aus dem Zug, bevor es zum dramatischen Showdown mit Moriarty geht.', 'Ein historischer Bahnhof in der Schweiz, oft als Ausgangspunkt für Reisen zu den Reichenbachfällen genutzt.', 'Bahnhofstrasse', '3860', 'Meiringen', 'https://upload.wikimedia.org/wikipedia/commons/thumb/0/00/Bahnhof_Meiringen.jpg/1280px-Bahnhof_Meiringen.jpg', 46.7275242, 8.1843076, 32, 24),
(48, 'Ames Mansion', 'In Knives Out wurde das Ames Mansion als das ikonische Thrombey-Anwesen genutzt. Besonders markant ist die große Bibliothek mit der runden Fensterfront, die in vielen Schlüsselszenen vorkommt, darunter Harlans Geburtstagsfeier.', 'Ein historisches Herrenhaus aus dem frühen 20. Jahrhundert, das sich im Borderland State Park in Massachusetts befindet. Es ist für seine beeindruckende Architektur und weitläufigen Gärten bekannt.', '259 Massapoag Ave', '2072', 'Sharon', 'https://upload.wikimedia.org/wikipedia/commons/6/65/Ames_Mansion_Borderland.jpg', 42.0600876, -71.1641057, 1, 25),
(49, 'Wellesley, Massachusetts', 'In Knives Out wurde ein Haus in Wellesley als Wohnsitz von Marta Cabrera verwendet. Besonders ikonisch ist die Szene, in der Benoit Blanc Marta von ihrer Familie abholt und sie in eine Verfolgungsjagd verwickelt wird.', 'Ein wohlhabender Vorort von Boston mit schönen Wohnvierteln und viel Grün. Es ist bekannt für seine prestigeträchtigen Colleges und idyllische Atmosphäre.', 'Wellesley Town Center', '2482', 'Wellesley', 'https://upload.wikimedia.org/wikipedia/commons/f/fa/Wellesley_Center,_MA.jpg', 42.3118429, -71.2739897, 1, 25),
(50, 'Redwood National Park', 'In E.T. – Der Außerirdische wurde der Redwood National Park für die Szene genutzt, in der E.T. und Elliot mit dem Fahrrad durch den Wald fliegen.', 'Ein riesiger Nationalpark in Kalifornien mit uralten Mammutbäumen und dichten Wäldern. Bekannt für seine beeindruckende Natur und als Drehort für viele Filme.', 'Highway 101', '95555', 'Orick', 'https://upload.wikimedia.org/wikipedia/commons/thumb/d/de/Redwood_National_Park,_fog_in_the_forest.jpg/1200px-Redwood_National_Park,_fog_in_the_forest.jpg', 41.4213223, -124.0380531, 1, 26),
(51, '7121 Lonzo Street, Tujunga', 'In E.T. – Der Außerirdische war dieses Haus Elliotts Zuhause, wo E.T. sich versteckt und eine enge Freundschaft mit ihm aufbaut.', 'Ein typisches Vorstadthaus in Kalifornien, das als Hauptdrehort für *E.T. – Der Außerirdische* diente. Das Haus ist privat bewohnt, kann aber von außen besichtigt werden.', '7121 Lonzo Street', '91042', 'Tujunga', 'https://s3-media0.fl.yelpcdn.com/bphoto/FvSYMgBR2M4m30fUZZfXbg/l.jpg', 34.2710106, -118.2873512, 1, 26),
(52, 'Porter Ranch', 'In E.T. – Der Außerirdische ist dies der Ort, wo Elliot und seine Freunde mit BMX-Rädern vor den Regierungsagenten fliehen.', 'Eine ruhige Wohngegend im Norden von Los Angeles. Viele Straßen hier wurden für die berühmte Fahrradverfolgungsszene genutzt.', 'Porter Ranch Drive', '91326', 'Los Angeles', 'https://upload.wikimedia.org/wikipedia/commons/thumb/c/c1/Basketball_court,_Holleigh_Berson_Memorial_Park.jpg/2560px-Basketball_court,_Holleigh_Berson_Memorial_Park.jpg', 34.2752533, -118.5476216, 1, 26),
(53, 'Crescenta Valley High School', 'In E.T. – Der Außerirdische ist dies der Ort, an dem Elliot in der Schule sitzt, während E.T. zuhause Bier trinkt und betrunken wird.', 'Eine öffentliche Highschool in Kalifornien, die für verschiedene Filmproduktionen genutzt wurde.', '2900 Community Ave', '91214', 'La Crescenta', 'https://upload.wikimedia.org/wikipedia/commons/6/61/Crescent_Valley_High_School-2.jpg', 34.2237380, -118.2433023, 1, 26),
(54, 'Église Saint-Merri', 'In Les Misérables dient sie als eine der Kirchen, die während des Pariser Aufstands von 1832 von den Revolutionären als Rückzugsort genutzt wird.', 'Eine gotische Kirche aus dem 16. Jahrhundert im Zentrum von Paris, die oft übersehen wird, aber architektonisch beeindruckend ist.', '76 Rue de la Verrerie', '75004', 'Paris', 'https://upload.wikimedia.org/wikipedia/commons/d/d9/Paris_Saint-Merry_außen_418.JPG', 48.8592813, 2.3512399, 4, 33),
(55, 'Gourdon, Alpes-Maritimes', 'In Les Misérables stellt Gourdon die Stadt Digne dar, in der Jean Valjean nach seiner Freilassung aus dem Gefängnis Zuflucht sucht und auf Bischof Myriel trifft.', 'Ein malerisches Bergdorf in der Region Provence-Alpes-Côte d’Azur, das für seine mittelalterliche Architektur und atemberaubende Aussicht über die französische Riviera bekannt ist.', 'nan', '6620', 'Gourdon', 'https://upload.wikimedia.org/wikipedia/commons/thumb/5/5b/Gourdon.jpg/800px-Gourdon.jpg', 43.7354890, 6.9377480, 4, 33),
(56, 'St Mary the Virgin, Parson\'s Lane', 'In Les Misérables fällt Jean Valjean erschöpft auf die Kirchenstufen zusammen, bevor Bischof Myriel ihn aufnimmt und ihm eine zweite Chance im Leben gibt.', 'Eine historische Kirche in Oxfordshire, England, bekannt für ihre gotische Architektur und idyllische Lage.', 'Parson\'s Lane', 'OX12 8QA', 'Wantage', 'https://upload.wikimedia.org/wikipedia/commons/thumb/5/52/Henley-on-Thames_StMary_WSW.jpg/800px-Henley-on-Thames_StMary_WSW.jpg', 51.6178927, -1.0672312, 3, 33),
(57, 'Windsor Great Park', 'In Into the Woods wurden hier viele Waldszenen gedreht, darunter die Szenen mit Rotkäppchen, dem Wolf und der Hexe.', 'Ein weitläufiger königlicher Park in England mit alten Eichen und geheimnisvollen Wäldern.', 'Windsor Great Park', 'SL4 2HT', 'Windsor', 'https://www.englandsgreatwestway.de/dmsimgs/2CC395CB2205C19488E9F7F12CB7920AEAF8A6B6.jpg', 51.4242702, -0.6176029, 3, 34),
(58, 'McCallister House', 'Das McCallister-Haus in Kevin – Allein zu Haus, in dem Kevin alleine zurückgelassen wird und sich gegen die Banditen verteidigt.', 'Privates Wohnhaus in Winnetka, Illinois, bekannt für seine klassische Backsteinfassade und das ikonische Treppenhaus.', '671 Lincoln Avenue', '60093', 'Winnetka', 'https://dynamic-media-cdn.tripadvisor.com/media/photo-o/17/76/9f/25/photo0jpg.jpg?w=1200&h=-1&s=1', 42.1101894, -87.7338907, 1, 52),
(59, 'O’Hare International Airport', 'Hier beginnt das Chaos in Kevin – Allein zu Haus, als die McCallisters in letzter Sekunde zum Gate sprinten und Kevin versehentlich zu Hause bleibt.', 'Einer der größten Flughäfen der USA, bekannt für seine moderne Architektur und weltweite Flugverbindungen.', '10000 W O’Hare Ave', '60666', 'Chicago', 'https://upload.wikimedia.org/wikipedia/commons/thumb/3/34/Chicago_O\'Hare_International_Airport.jpg/1024px-Chicago_O\'Hare_International_Airport.jpg', 41.9810060, -87.9087141, 1, 52),
(60, 'Church of the Ascension', 'Hier versteckt sich Kevin in Kevin – Allein zu Haus und trifft den alten Marley, der ihm Mut zuspricht.', 'Eine gotische Kirche in Chicago mit wunderschönen Buntglasfenstern.', '1133 N LaSalle Dr', '60610', 'Chicago', 'https://upload.wikimedia.org/wikipedia/commons/thumb/e/ed/Church_of_the_Ascension_by_David_Shankbone_crop.jpg/800px-Church_of_the_Ascension_by_David_Shankbone_crop.jpg', 41.9032500, -87.6322600, 1, 52),
(61, 'Astoria, Oregon', 'Astoria diente als Hauptdrehort für Die Goonies. Die Stadt bildet die Kulisse für das Zuhause der Goonies, die Suche nach dem Schatz von Einäugiger Willy und viele ikonische Szenen.', 'Eine kleine Küstenstadt im Nordwesten der USA, bekannt für ihre historischen Gebäude und malerischen Ausblicke auf den Pazifik.', 'nan', '97103', 'Astoria', 'https://upload.wikimedia.org/wikipedia/commons/thumb/a/ac/Astoria-Megler_Bridge.jpg/2560px-Astoria-Megler_Bridge.jpg', 46.1879876, -123.8320799, 1, 27),
(62, 'The Goonies House', 'In Die Goonies ist es das Zuhause von Mikey und Brand. Von hier aus starten die Goonies ihre epische Schatzsuche nach Einäugiger Willy.', 'Das berühmte Haus aus Die Goonies befindet sich in Astoria, Oregon. Es gehört einer Privatperson, ist aber von außen sichtbar.', '368 38th St', '97103', 'Astoria', 'https://upload.wikimedia.org/wikipedia/commons/thumb/5/55/Goonies_-_Mikey\'s_House_(281531607).jpg/640px-Goonies_-_Mikey\'s_House_(281531607).jpg', 46.1878559, -123.8302678, 1, 27),
(63, 'Cannon Beach - Haystack Rock', 'In Die Goonies ist dieser Strand im Hintergrund zu sehen, als die Kinder die Schatzkarte entdecken und ihre Suche nach dem Versteck von Einäugiger Willy beginnt.', 'Cannon Beach ist ein berühmter Küstenstrand in Oregon mit dem markanten Haystack Rock, der oft in Filmen und Fotografien erscheint.', 'US-101', '97110', 'Cannon Beach', 'https://upload.wikimedia.org/wikipedia/commons/4/43/Haystack_Rock_northwest_face.jpg', 45.8843115, -123.9684737, 1, 27),
(64, 'Ecola State Park', 'In Die Goonies halten die Kinder hier an, um mit Fernrohren das markante Felsgebilde aus der Schatzkarte zu identifizieren – ein Schlüsselmoment in der Story.', 'Ein wunderschöner Naturpark an der Küste von Oregon mit malerischen Ausblicken und üppigen Wäldern.', 'Ecola State Park Rd', '97110', 'Cannon Beach', 'https://upload.wikimedia.org/wikipedia/commons/3/3b/Ecola_State_Park_Haystack_Rock.JPG', 45.9407620, -123.9858401, 1, 27),
(65, 'Oregon Film Museum', 'In Die Goonies ist dieses Gefängnis der Ort, an dem die Fratelli-Bande ihren Ausbruch startet, was die Handlung des Films in Gang setzt.', 'Das Oregon Film Museum befindet sich im alten Clatsop County Jail und widmet sich berühmten Filmen, die in Oregon gedreht wurden.', '732 Duane St', '97103', 'Astoria', 'https://upload.wikimedia.org/wikipedia/commons/thumb/3/36/Oregon_Film_Museum,_County_Jail,_Astoria.JPG/1200px-Oregon_Film_Museum,_County_Jail,_Astoria.JPG', 46.1887022, -123.8353959, 1, 27),
(66, 'Goat Rock Beach', 'In Die Goonies wurde hier der Ausgang der Höhle mit dem Piratenschiff von Einäugiger Willy gefilmt – der atemberaubende Schlussmoment des Films.', 'Ein beeindruckender Strand in Kalifornien mit großen Felsen und einem wilden Küstenblick.', 'Goat Rock Rd', '95446', 'Jenner', 'https://upload.wikimedia.org/wikipedia/commons/d/d3/Goat_Rock_Beach_(10908575024).jpg', 38.4472187, -123.1258348, 1, 27),
(67, 'Brownsville', 'In Stand by Me wurde Brownsville als Castle Rock, Oregon, genutzt. Hier sieht man viele Straßenszenen, darunter den berühmten Kaugummi-Automaten-Moment.', 'Eine kleine Stadt in Oregon mit historischen Gebäuden und einer nostalgischen Atmosphäre. Diente als Hauptkulisse für den fiktiven Ort Castle Rock.', 'Brownsville Main Street', '97327', 'Brownsville', 'https://upload.wikimedia.org/wikipedia/commons/thumb/9/9f/Brownsville_PA.jpg/640px-Brownsville_PA.jpg', 25.9003747, -97.4929554, 1, 28),
(68, 'McCloud River Railroad Bridge', 'Die Brücke aus Stand by Me, wo die Jungen über die Gleise laufen, während plötzlich ein Zug hinter ihnen auftaucht. Eine der spannendsten Szenen des Films!', 'Eine stillgelegte Eisenbahnbrücke über den McCloud River in Kalifornien, bekannt für ihre spektakuläre Aussicht.', 'McCloud River, Shasta-Trinity National Forest', '96057', 'McCloud', 'https://upload.wikimedia.org/wikipedia/commons/0/0b/The_\'Stand_By_Me\'_bridge_at_Lake_Britton_(6729363339).jpg', 41.0180164, -121.6185850, 1, 28),
(69, 'Franklin Ghost Town', 'Die Szene aus Stand by Me, in der die Jungs schließlich die Leiche finden, wurde in dieser abgelegenen Gegend gedreht.', 'Eine verlassene alte Bergarbeiterstadt mit überwachsenen Bahngleisen und historischen Ruinen.', 'Franklin Ghost Town Trailhead', '98022', 'Black Diamond', 'https://www.wta.org/site_images/hikes/franklin_ghost-town_maddy.jpg/@@images/c021beef-0091-406c-82d7-6f65e68fa620.jpeg', 47.3718418, -121.9688685, 1, 28),
(70, 'Keene, New Hampshire', 'In Jumanji (1995) wurde Keene als fiktive Stadt Brantford genutzt, in der Alan Parrish aufwächst und später nach Jahren im Dschungel zurückkehrt.', 'Eine charmante Kleinstadt in New England, bekannt für ihre historische Architektur. Viele Straßenzüge wurden als Kulisse für Brantford genutzt.', 'Keene Downtown', '3431', 'Keene', 'https://upload.wikimedia.org/wikipedia/commons/6/60/Downtown_Keene_5.JPG', 42.9330163, -72.2817899, 1, 29),
(71, 'British Columbia', 'In Jumanji (1995) wurden viele Dschungelszenen, in denen Alan Parrish überlebt, in den Wäldern von British Columbia gedreht.', 'Eine der beliebtesten Filmregionen Kanadas mit dichten Wäldern, Bergen und wilden Flüssen – perfekt für Dschungel-Szenen.', 'Various Forest Locations', 'nan', 'Vancouver', 'https://upload.wikimedia.org/wikipedia/commons/f/fb/Goldenbc.jpg', 54.6022132, -125.1346281, 1, 29),
(72, 'North Berwick, Maine', 'In Jumanji (1995) ist die Parrish Schuhfabrik ein zentrales Element der Geschichte, da sie der Grund für Alans Kindheitstrauma und die Veränderung der Stadt ist.', 'Eine kleine Stadt in Maine mit alter Industriegeschichte. Ein Fabrikgebäude wurde als Kulisse für die Parrish Schuhfabrik verwendet.', 'North Berwick', '3906', 'North Berwick', 'https://upload.wikimedia.org/wikipedia/commons/a/a0/North_Berwick_Beach.jpg', 43.3077542, -70.7435126, 1, 29),
(73, 'American Museum of Natural History', 'In Jumanji (1995) spielt das Finale in einem Museum, wo Alan und Sarah sich als Erwachsene treffen und erkennen, dass sie die Zukunft verändert haben.', 'Eines der berühmtesten Museen der Welt, bekannt für seine Dinosaurier-Skelette und exotischen Ausstellungen.', 'Central Park West & 79th St', '10024', 'New York', 'https://upload.wikimedia.org/wikipedia/commons/thumb/e/ec/USA-NYC-American_Museum_of_Natural_History.JPG/2880px-USA-NYC-American_Museum_of_Natural_History.JPG', 40.7815353, -73.9739346, 1, 29),
(74, 'Moondance Diner', 'In Tick, Tick... Boom! arbeitet Jonathan Larson im Moondance Diner, während er an seinen Musicals schreibt.', 'Ein ikonisches Diner, das einst an der Ecke Grand Street und 6th Avenue in New York City stand. Es war bekannt für seine klassische amerikanische Küche und die rot-weiße Retro-Einrichtung.', 'Ecke Grand Street und 6th Avenue', '10013', 'New York', 'https://upload.wikimedia.org/wikipedia/commons/1/1f/Diners_Clajot.jpg', 40.7215000, -74.0046000, 1, 30),
(75, '508 Greenwich Street', ' In Tick, Tick... Boom! wird Jonathans kreativer Prozess in seinem Apartment an der 508 Greenwich Street dargestellt.', 'Das ehemalige Apartment von Jonathan Larson in SoHo, New York City. Ein typisches Loft-Apartment in einem Backsteingebäude, das den kreativen Geist der 1990er Jahre widerspiegelt.', '508 Greenwich Street', '10013', 'New York', 'https://pbs.twimg.com/media/FMNTLzSXEAcqIWC?format=jpg&name=large', 40.7259127, -74.0094327, 1, 30),
(76, 'Tony Dapolito Recreation Center', 'In Tick, Tick... Boom! besucht Jonathan das Tony Dapolito Recreation Center zum Schwimmen, um seinen Kopf freizubekommen.', 'Ein Freizeitzentrum in Manhattan, bekannt für sein Hallenbad und die ikonischen Keith-Haring-Wandgemälde.', '1 Clarkson Street', '10014', 'New York', 'https://static.nycgovparks.org/images/images/reccenter/full-size/DSC_1464 Tony Dapolito Rec Center 1 14 19  mp_resize.JPG', 40.7298028, -74.0050654, 1, 30),
(77, 'The Strand Bookstore', 'In Tick, Tick... Boom! besuchen Jonathan und seine Freundin Susan die Strand Bookstore, um über ihre Zukunft zu sprechen.', 'Eine legendäre Buchhandlung in New York City, bekannt für ihre 18 Meilen von Büchern und ihre reiche Geschichte als literarischer Treffpunkt.', '828 Broadway', '10003', 'New York', 'https://upload.wikimedia.org/wikipedia/commons/thumb/8/86/Strand_Bookstore_(48072652191).jpg/1200px-Strand_Bookstore_(48072652191).jpg', 40.7348124, -73.9907815, 1, 30),
(78, 'East 110th Street Playground', 'In West Side Story (1961) diente dieser Spielplatz als Schauplatz für die Eröffnungsszene, in der die Jets und Sharks aufeinandertreffen.', 'Ein Spielplatz in East Harlem, Manhattan, New York City, bekannt für seine städtische Umgebung.', 'East 110th Street between 2nd and 3rd Avenues', '10029', 'New York', 'https://cdn.prod.website-files.com/64e632514f53a4eec1f22e71/65c255b9f2146dfc154da650_heroIMG_3693 copy.webp', 40.7977313, -73.9515647, 1, 31),
(79, 'West 68th Street', 'In West Side Story (1961) wurden hier mehrere Straßenszenen gedreht, die das Revier der Gangs darstellen.', 'Eine Straße auf der Upper West Side von Manhattan, New York City, die während der 1960er Jahre für ihre Wohngebäude bekannt war.', 'West 68th Street between Amsterdam Avenue and West End Avenue', '10023', 'New York', 'https://blogger.googleusercontent.com/img/b/R29vZ2xl/AVvXsEguFPmP6XrnGovs2vFII09EGtu5hglz7nBHoUz8uAGE1JlfT4I1beAkYHLCASH8RzCXyKg5mRvKOS7W2qbiaJvgCHmQ2GXl6n_np9uPYpBshK7pGYqMMkHMOOpBqvLl8Z-SRmFXpCsPt_8/s1600/DSC_3026.JPG', 40.7762579, -73.9835035, 1, 31),
(80, 'Church of Saint Paul the Apostle', 'In West Side Story (1961) wurde hier die Tanzsaal-Szene gedreht, in der Tony und Maria sich zum ersten Mal treffen.', 'Eine historische Kirche in Manhattan, New York City, bekannt für ihre beeindruckende Architektur.', 'Columbus Avenue & West 60th Street', '10023', 'New York', 'https://upload.wikimedia.org/wikipedia/commons/thumb/6/63/2014_St._Paul_the_Apostle_Church_8-10_Columbus_Avenue.jpg/1200px-2014_St._Paul_the_Apostle_Church_8-10_Columbus_Avenue.jpg', 40.7699273, -73.9855143, 1, 31),
(81, 'Bush Terminal Piers Park', 'In West Side Story (2021) wurde hier die Cool-Tanznummer zwischen Tony und Riff gefilmt.', 'Ein Park in Brooklyn, New York City, mit Blick auf die Skyline von Manhattan.', '43rd Street & 1st Avenue', '11232', 'Brooklyn', 'https://upload.wikimedia.org/wikipedia/commons/a/ae/Bush_Terminal_Park_008.jpg', 40.6535332, -74.0200594, 1, 32),
(82, 'Abandoned Bowery Subway Platform', 'In West Side Story (2021) treffen sich Tony und Maria hier und nehmen die U-Bahn zu ihrem Date.', 'Ein stillgelegter U-Bahnsteig in Manhattan, New York City, oft für Filmaufnahmen genutzt.', 'Bowery & Delancey Street', '10002', 'New York', 'https://upload.wikimedia.org/wikipedia/commons/1/1b/Bowery_-_Platform.jpg', 40.7203613, -73.9935135, 1, 32),
(83, 'Place de la Bastille', 'In Les Misérables symbolisiert die Bastille den revolutionären Geist der Pariser Aufstände. Viele der Straßenkämpfe zwischen den Aufständischen und der Nationalgarde spielen in der Nähe.', 'Einer der historisch bedeutendsten Plätze in Paris, wo einst das berühmte Gefängnis der Bastille stand. Heute ein zentraler Platz mit Denkmälern und historischen Gebäuden.', 'Place de la Bastille', '75011', 'Paris', 'https://upload.wikimedia.org/wikipedia/commons/7/7e/Place_de_la_Bastille,_avril_2021.jpg', 48.8533432, 2.3691771, 4, 33),
(84, 'Rue Saint-Denis', 'In Les Misérables ist die Rue Saint-Denis der Ort, an dem Marius und seine Mitstreiter Barrikaden errichten und sich gegen die Armee verteidigen.', 'Eine der ältesten Straßen von Paris, bekannt für ihre historische Architektur und als wichtiger Ort während der Französischen Revolution.', 'Rue Saint-Denis', '75002', 'Paris', 'https://upload.wikimedia.org/wikipedia/commons/d/d5/Paris_boulevard_st_denis.jpg', 48.8638540, 2.3499710, 4, 33),
(85, 'Montreuil-sur-Mer', 'In Les Misérables ist Montreuil-sur-Mer der Ort, an dem Jean Valjean unter dem Namen Monsieur Madeleine ein neues Leben beginnt und Bürgermeister wird.', 'Eine kleine, historische Stadt in Nordfrankreich, die für ihre engen Gassen, mittelalterlichen Stadtmauern und die literarische Verbindung zu Victor Hugos Roman bekannt ist.', 'Montreuil-sur-Mer', '62170', 'Montreuil', 'https://upload.wikimedia.org/wikipedia/commons/thumb/f/f7/Montreuil-sur-Mer_et_sa_citadelle.jpg/2560px-Montreuil-sur-Mer_et_sa_citadelle.jpg', 50.4646816, 1.7623593, 4, 33),
(86, 'Boulevard du Palais', 'In Les Misérables befindet sich hier das Gerichtsgebäude, in dem Jean Valjean Zeuge des Prozesses eines Mannes wird, der fälschlicherweise für ihn gehalten wird.', 'Eine berühmte Straße auf der Île de la Cité in Paris, die entlang des historischen Palais de Justice verläuft.', 'Boulevard du Palais', '75001', 'Paris', 'https://upload.wikimedia.org/wikipedia/commons/d/de/PC090091_Paris_I_Boulevard_du_Palais_reductwk.JPG', 48.8553986, 2.3458039, 4, 33),
(87, 'Rue de l\'Université', 'In Les Misérables ist es die Straße, in der Marius und Cosette zum ersten Mal aufeinandertreffen und ihre Liebesgeschichte beginnt.', 'Eine malerische Straße im Herzen von Paris, die für ihre eleganten Stadthäuser und historischen Gebäude bekannt ist.', 'Rue de l\'Université', '75007', 'Paris', 'https://upload.wikimedia.org/wikipedia/commons/thumb/a/a1/P1030482_Paris_VII_rue_de_l\'Université_rwk.JPG/1200px-P1030482_Paris_VII_rue_de_l\'Université_rwk.JPG', 48.8612033, 2.3141419, 4, 33),
(88, 'Dover Castle', 'In Into the Woods diente Dover Castle als Kulisse für den Palast des Prinzen, wo Cinderella zum Ball eingeladen wurde.', 'Eine imposante mittelalterliche Burg an der englischen Küste mit beeindruckenden Festungsanlagen.', 'Castle Hill Road', 'CT16 1HU', 'Dover', 'https://upload.wikimedia.org/wikipedia/commons/thumb/e/e5/1_dover_castle_aerial_panorama_2017.jpg/1200px-1_dover_castle_aerial_panorama_2017.jpg', 51.1289797, 1.3233695, 3, 34),
(89, 'Waverley Abbey', 'In Into the Woods wurden hier einige düstere Szenen mit der Hexe und Rapunzel gedreht.', 'Die Ruinen eines alten Klosters in England, bekannt für ihre mystische Atmosphäre.', 'Waverley Lane', 'GU9 8EP', 'Farnham', 'https://upload.wikimedia.org/wikipedia/commons/9/9a/Waverley_Abbey_03.jpg', 51.2001960, -0.7595580, 3, 34),
(90, 'Shepperton Studios', 'In Into the Woods wurden hier zahlreiche Innenaufnahmen gedreht, darunter Szenen in den Hütten der Märchenfiguren.', 'Ein berühmtes Filmstudio in England, das für viele Hollywood-Produktionen genutzt wurde.', 'Studios Road', 'TW17 0QD', 'Shepperton', 'https://upload.wikimedia.org/wikipedia/commons/3/34/Shepperton_Studios.jpg', 51.4078279, -0.4635644, 3, 34),
(91, 'Chatsworth House', 'In Stolz und Vorurteil (2005) diente Chatsworth House als Pemberley, das Anwesen von Mr. Darcy, wo Elizabeth Bennet sich in ihn zu verlieben beginnt.', 'Ein prächtiges Herrenhaus in Derbyshire, England. Heimat der Devonshire-Familie und bekannt für seine beeindruckende Architektur und weitläufigen Gärten.', 'Chatsworth, Bakewell', 'DE45 1PP', 'Derbyshire', 'https://upload.wikimedia.org/wikipedia/commons/1/10/Chatsworth_showing_hunting_tower.jpg', 53.2276043, -1.6112987, 3, 35),
(92, 'Lyme Park', 'In Stolz und Vorurteil (1995) wurde Lyme Park als Pemberley genutzt. Die berühmte Szene, in der Mr. Darcy aus dem See steigt, wurde hier gefilmt.', 'Ein historisches Landhaus in Cheshire, England, mit ausgedehnten Gärten und einem malerischen See.', 'Disley, Stockport', 'SK12 2NR', 'Cheshire', 'https://upload.wikimedia.org/wikipedia/commons/thumb/c/c7/Lyme_Park_2.jpg/1200px-Lyme_Park_2.jpg', 53.3382429, -2.0547307, 3, 35),
(93, 'Basildon Park', 'In Stolz und Vorurteil (2005) wurde Basildon Park als Innenkulisse für das Haus von Mr. Bingley, Netherfield, genutzt.', 'Ein georgianisches Herrenhaus in Berkshire, England, umgeben von wunderschönen Gärten und Landschaften.', 'Lower Basildon, Reading', 'RG8 9NR', 'Berkshire', 'https://upload.wikimedia.org/wikipedia/commons/thumb/4/45/Basildon_House._-_panoramio.jpg/1200px-Basildon_House._-_panoramio.jpg', 51.4992383, -1.1212135, 3, 35),
(94, 'Burghley House', 'In Stolz und Vorurteil (2005) wurde Burghley House als Rosings Park, der Wohnsitz von Lady Catherine de Bourgh, genutzt.', 'Ein beeindruckendes elisabethanisches Herrenhaus in Lincolnshire, bekannt für seine prächtigen Räume und Architektur.', 'Stamford, Lincolnshire', 'PE9 3JY', 'Lincolnshire', 'https://upload.wikimedia.org/wikipedia/commons/thumb/8/8a/Front_of_Burghley_House_2009.jpg/1200px-Front_of_Burghley_House_2009.jpg', 52.6426238, -0.4525096, 3, 35),
(95, 'Weekley, Northamptonshire', 'In Stolz und Vorurteil (2005) wurden hier Landschaftsaufnahmen für Elizabeth Bennets Reise mit den Gardiners gefilmt, als sie schließlich Pemberley erreichte.', 'Ein kleines, malerisches Dorf in Northamptonshire, bekannt für seine historischen Gebäude und idyllische Landschaft.', 'Weekley, Kettering', 'NN16 9UP', 'Northamptonshire', 'https://live.staticflickr.com/65535/48991463131_d52767ed12_b.jpg', 52.4191598, -0.6986472, 3, 35),
(96, 'Stourhead Gardens', 'In Stolz und Vorurteil (2005) wurde hier die erste, dramatische Heiratsantrag-Szene von Mr. Darcy gedreht, in der er Elizabeth Bennet im Regen seine Liebe gesteht.', 'Ein atemberaubender Landschaftsgarten in Wiltshire, bekannt für seinen Tempel der Aphrodite, malerische Brücken und idyllische Teiche.', 'Stourton, Warminster', 'BA12 6QD', 'Wiltshire', 'https://upload.wikimedia.org/wikipedia/commons/7/71/Stourhead_Bridge_A.jpg', 51.1063165, -2.3176663, 3, 35),
(97, 'Firle Place', 'In Emma (2020) wurde Firle Place als Hartfield, das Zuhause von Emma Woodhouse, genutzt. Viele Innen- und Außenszenen mit Anya Taylor-Joy wurden hier gedreht.', 'Ein georgianisches Herrenhaus in East Sussex, bekannt für seine elegante Architektur und weitläufigen Gärten.', 'Firle, Lewes', 'BN8 6LP', 'East Sussex', 'https://upload.wikimedia.org/wikipedia/commons/0/08/The_North_Front_Of_Firle_Place.jpg', 50.8451419, 0.0915743, 3, 36),
(98, 'Chavenage House', 'In Emma (2020) diente Chavenage House als Kulisse für Randalls, das Zuhause von Mr. Weston, wo Emma häufig zu Besuch ist.', 'Ein historisches Herrenhaus aus dem 16. Jahrhundert in Gloucestershire, bekannt für seine gut erhaltene Architektur und oft als Drehort genutzt.', 'Wilton, Salisbury', 'SP2 0BJ', 'Wiltshire', 'https://upload.wikimedia.org/wikipedia/commons/9/9f/Chavenage_House_3-geograph-3507432.jpg', 51.6554828, -2.1864846, 3, 36),
(99, 'Kingston Bagpuize House', 'In Emma (2020) wurde Kingston Bagpuize House als Randalls, das Zuhause von Mr. Weston, für verschiedene Innenaufnahmen genutzt.', 'Ein charmantes Landhaus aus dem 18. Jahrhundert mit malerischen Gärten, das oft als Drehort für Period Dramas genutzt wird.', 'Kingston Bagpuize, Abingdon', 'OX13 5AX', 'Oxfordshire', 'https://upload.wikimedia.org/wikipedia/commons/d/de/Kingston_Bagpuize_House_(geograph_2973184).jpg', 51.6786805, -1.4122616, 3, 36),
(100, 'Lower Slaughter', 'In Emma (2020) diente Lower Slaughter als Teil des Highbury-Dorfes, wo sich das tägliche Leben von Emma und ihren Freunden abspielt.', 'Ein malerisches Dorf in den Cotswolds, bekannt für seine alten Steinhäuser und idyllischen Landschaften.', 'Lower Slaughter, Cheltenham', 'GL54', 'Cotswolds', 'https://upload.wikimedia.org/wikipedia/commons/4/49/Lower_Slaughter_Bridge.jpg', 51.9015533, -1.7577510, 3, 36),
(101, 'Haddon Hall', 'Diente in Jane Eyre als Thornfield Hall, Mr. Rochesters Anwesen, wo Jane als Gouvernante arbeitete und sich ihre Liebesgeschichte entwickelte.', 'Eines der schönsten mittelalterlichen Herrenhäuser Englands. Mit seiner gotischen Architektur und alten Steinmauern strahlt es einen authentischen, historischen Charme aus.', 'Bakewell, Derbyshire', 'DE45 1LA', 'Bakewell', 'https://upload.wikimedia.org/wikipedia/commons/thumb/6/6d/Haddon_Hall.jpg/2560px-Haddon_Hall.jpg', 53.1942227, -1.6505516, 3, 37),
(102, 'Haworth & Brontë Parsonage Museum', 'Obwohl nicht direkt in Jane Eyre gezeigt, ist dieser Ort tief mit Charlotte Brontës Leben und Inspiration für den Roman verbunden.', 'Der Geburtsort der Brontë-Schwestern und ein wichtiger literarischer Gedenkort mit authentischer viktorianischer Atmosphäre.', 'Church St, Haworth', 'BD22 8DR', 'Haworth', 'https://upload.wikimedia.org/wikipedia/commons/1/17/Bronte_Parsonage_Museum_-_The_Bronte_House.jpg', 53.8313663, -1.9575978, 3, 37),
(103, 'St. Michael and All Angels Church', 'In Jane Eyre erinnert sie an die Szene, in der Jane ihre innere Stärke durch ihren Glauben findet, bevor sie zu Mr. Rochester zurückkehrt.', 'Eine historische Kirche in Haworth, in der Charlotte Brontë begraben ist. Ein Ort voller literarischer Geschichte.', 'Church St, Haworth', 'BD22 8DR', 'Haworth', 'https://upload.wikimedia.org/wikipedia/commons/1/11/St._Michael_&_All_Angels,_Hughenden_-_April_2017.jpg', 53.8313278, -1.9561448, 3, 37),
(104, 'Derwent Valley & Moorlands', 'Diente in Jane Eyre als Hintergrund für die Szene, in der Jane nach ihrer Flucht aus Thornfield durch die einsamen Moore wandert und fast dem Hungertod nahe ist.', 'Eine wilde, raue Moorlandschaft in Derbyshire, die typisch für die englischen Hochmoore ist.', 'Peak District National Park', 'S33 0AB', 'Derwent', 'https://upload.wikimedia.org/wikipedia/commons/4/4c/Round_Hill_and_the_Derwent_valley_from_the_Barrow_Stones_-_geograph.org.uk_-_329027.jpg', 53.4171517, -1.7500859, 3, 37),
(105, 'Sweetwater Creek State Park', 'In Die Tribute von Panem – The Hunger Games wurden hier Szenen aus dem Wald rund um Distrikt 12 gedreht, in dem Katniss Everdeen oft jagt.', 'Ein wunderschöner Naturpark in Georgia, USA, mit wilden Flüssen und felsigen Uferlandschaften.', '1750 Mt Vernon Rd', '30135', 'Lithia Springs', 'https://upload.wikimedia.org/wikipedia/commons/1/15/Sweetwater_Creek_(Chattahoochee_River)_2013.JPG', 33.7528327, -84.6286768, 1, 38),
(106, 'The Swan House', 'In Die Tribute von Panem – Catching Fire diente das Gebäude als Präsident Snows Palast in der Hauptstadt Panem.', 'Historisches Herrenhaus in Atlanta, das für seine beeindruckende Architektur bekannt ist.', '130 West Paces Ferry Rd NW', '30305', 'Atlanta', 'https://upload.wikimedia.org/wikipedia/commons/thumb/b/b7/ATLSwanHouse.jpg/2560px-ATLSwanHouse.jpg', 33.8406979, -84.3875917, 1, 39),
(107, 'Hawaii Tropical Botanical Garden', 'In Die Tribute von Panem – Catching Fire wurden hier Teile der Arena des 75. Hungerspiels gefilmt, darunter Szenen mit dem Nebel und Affenangriff.', 'Ein tropischer Regenwald-Garten mit exotischen Pflanzen und Wasserfällen auf Hawaii.', '27-717 Mamalahoa Hwy', '96781', 'Papaikou', 'https://upload.wikimedia.org/wikipedia/commons/d/d5/HTBG_Walkway.JPG', 19.8112530, -155.0960311, 1, 39),
(108, 'Bellwood Quarry', 'In Die Tribute von Panem – Mockingjay Teil 1 war dieser Ort eine der Rebellenbasen, die von Katniss besucht wurde.', 'Eine ehemalige Steinbruchanlage mit einem riesigen Wasserbecken, die heute ein Naturschutzgebiet ist.', '1020 W Marietta St NW', '30318', 'Atlanta', 'https://upload.wikimedia.org/wikipedia/commons/thumb/2/24/Bellwood_Quarry.JPG/640px-Bellwood_Quarry.JPG', 33.7798066, -84.4347674, 1, 40),
(109, 'Berlin Tempelhof', 'In Die Tribute von Panem – Mockingjay Teil 2 wurde hier das Kapitol nachgestellt, darunter viele Szenen mit den Rebellenkämpfen.', 'Ehemaliger Flughafen in Berlin, Deutschland, heute ein riesiges öffentliches Parkgelände.', 'Tempelhofer Damm 1-7', '12099', 'Berlin', 'https://upload.wikimedia.org/wikipedia/commons/thumb/b/b5/Berlin_-_Flughafen_Tempelhof_-_2016.jpg/1200px-Berlin_-_Flughafen_Tempelhof_-_2016.jpg', 52.4695557, 13.3853124, 5, 41),
(110, 'Paris – Les Espaces d\'Abraxas', 'In Die Tribute von Panem – Mockingjay Teil 2 wurde es als Kulisse für einen Teil des Kapitols genutzt, wo Katniss durch die Straßen kämpft.', 'Ein futuristisches Wohnviertel in Paris mit brutalistischer Architektur.', 'Rue des Belles Vues', '94000', 'Noisy-le-Grand', 'https://upload.wikimedia.org/wikipedia/en/d/d7/Le_Palacio_at_Les_Espaces_d\'Abraxas.jpg', 48.8401460, 2.5422645, 4, 41);
INSERT INTO `locations` (`id`, `location_name`, `film_description`, `real_description`, `street_address`, `postal_code`, `city`, `image_url`, `latitude`, `longitude`, `country_id`, `movie_id`) VALUES
(111, 'Henry River Mill Village', 'In Die Tribute von Panem – The Hunger Games wurde hier Distrikt 12 gedreht, die Heimat von Katniss Everdeen.', 'Eine verlassene Textilarbeitersiedlung in North Carolina, die als historische Stätte erhalten blieb.', 'Henry River Road', '28602', 'Hildebran', 'https://upload.wikimedia.org/wikipedia/commons/6/62/Henry_River_Mill_Village_4.jpg', 35.6959972, -81.4294951, 1, 38),
(112, 'Atlanta Marriott Marquis', 'In Die Tribute von Panem – Catching Fire diente es als Kulisse für das Kapitol-Innenleben.', 'Ein modernes Hotel in Atlanta mit einer beeindruckenden Atrium-Lobby.', '265 Peachtree Center Ave NE', '30303', 'Atlanta', 'https://upload.wikimedia.org/wikipedia/commons/c/c5/Marriott-Marquis-rear-down.jpg', 33.7617322, -84.3859034, 1, 39),
(113, 'Oahu - Kaaawa Valley', 'In Die Tribute von Panem – Catching Fire wurde hier die Dschungel-Arena des 75. Hungerspiels gefilmt.', 'Ein malerisches Tal auf Hawaii, bekannt für seine üppigen grünen Hügel und tropische Landschaft.', 'Kaaawa Valley, Oahu', '96730', 'Oahu', 'https://aws.hawaii-guide.com/images/jcogs_img/cache/ka_a_awa-valley-oahu-ss-1635665902-2000x1203_-_abcdef_-_5fd392410363af1d756a1a51b77ef89a986bf1f9.jpg', 21.5562673, -157.8505652, 1, 39),
(114, 'Factory Shoals Recreation Area', 'In Die Tribute von Panem – Mockingjay Teil 1 wurde hier Distrikt 13 gedreht, das geheime Rebellenlager.', 'Ein Naturschutzgebiet mit Flüssen und Wasserfällen in Georgia.', 'Factory Shoals Rd', '30014', 'Covington', 'https://upload.wikimedia.org/wikipedia/commons/thumb/1/16/East_Palisades.JPG/1200px-East_Palisades.JPG', 33.4496443, -83.8296466, 1, 40),
(115, 'Karl-Marx-Allee', 'Diente in Die Tribute von Panem – The Ballad of Songbirds and Snakes als Kulisse für die Straßen des Kapitols, wo Coriolanus Snow entlangflaniert.', 'Eine monumentale Prachtstraße in Berlin, bekannt für ihre sozialistische Architektur und historischen Gebäude.', 'Karl-Marx-Allee', '10178', 'Berlin', 'https://upload.wikimedia.org/wikipedia/commons/thumb/e/e9/View_Berlin_TV_Tower_Jan2015_img3.jpg/1200px-View_Berlin_TV_Tower_Jan2015_img3.jpg', 52.5195985, 13.4248137, 5, 42),
(116, 'Strausberger Platz', 'Wurde in Die Tribute von Panem – The Ballad of Songbirds and Snakes als Teil des Kapitols dargestellt, insbesondere die von Palästen gesäumte Prachtstraße.', 'Ein markanter Kreisverkehr in Berlin, umgeben von beeindruckenden Gebäuden des sozialistischen Klassizismus.', 'Strausberger Platz', '10243', 'Berlin', 'https://upload.wikimedia.org/wikipedia/commons/thumb/0/07/Strausberger_Platz_(1).JPG/1200px-Strausberger_Platz_(1).JPG', 52.5185278, 13.4283220, 5, 42),
(117, 'Anatomisches Theater der Charité', 'Diente in Die Tribute von Panem – The Ballad of Songbirds and Snakes als Hörsaal der Akademie im Kapitol, in dem Coriolanus Snow studiert.', 'Historisches Hörsaalgebäude in Berlin, bekannt für seine einzigartige Architektur und medizinische Geschichte.', 'Luisenstraße 56', '10117', 'Berlin', 'https://upload.wikimedia.org/wikipedia/commons/thumb/c/cd/Berlin_Tieranatomisches_Theater_asv2024-01_img4.jpg/1024px-Berlin_Tieranatomisches_Theater_asv2024-01_img4.jpg', 52.5252589, 13.3811481, 5, 42),
(118, 'Völkerschlachtdenkmal', 'Wurde in ie Tribute von Panem – The Ballad of Songbirds and Snakes als Treffpunkt genutzt, an dem die Mentoren auf die gefesselten Tribute treffen.', 'Monumentales Denkmal in Leipzig, das an die Völkerschlacht von 1813 erinnert und für seine beeindruckende Architektur bekannt ist.', 'Str. des 18. Oktober 100', '4299', 'Leipzig', 'https://cache.pressmailing.net/content/5fb56269-11c8-4a2d-846d-5f8d2de6af05/Voelkerschlachtdenkm~-leipzig-travel.jpg', 51.3124721, 12.4136381, 5, 42),
(119, 'James-Simon-Galerie', 'Diente in Die Tribute von Panem – The Ballad of Songbirds and Snakes als Eingang zum Kriegsministerium, das Coriolanus und Clemensia betreten.', 'Modernes Eingangsgebäude auf der Museumsinsel in Berlin, bekannt für seine elegante Architektur.', 'Bodestraße', '10178', 'Berlin', 'https://upload.wikimedia.org/wikipedia/commons/c/cb/Berlin_James-Simon-Galerie_asv2019-07_img3.jpg', 52.5198957, 13.3976223, 5, 42),
(120, 'Hala Stulecia (Jahrhunderthalle)', 'Wurde in Die Tribute von Panem – The Ballad of Songbirds and Snakes als Arena der Hungerspiele genutzt.', 'Historische Veranstaltungshalle in Wrocław, Polen, bekannt für ihre beeindruckende Kuppel und Architektur.', 'Wystawowa 1', '51-618', 'Wrocław', 'https://upload.wikimedia.org/wikipedia/commons/3/3b/Wroclaw_-_Hala_Stulecia_03a.jpg', 51.1070679, 17.0777042, 52, 42),
(121, 'Landschaftspark Duisburg-Nord', 'Diente in Die Tribute von Panem – The Ballad of Songbirds and Snakes als Kulisse für Distrikt 12.', 'Ehemaliges Hüttenwerk in Duisburg, Deutschland, das heute als Landschaftspark mit beeindruckenden Industrieanlagen dient.', 'Emscherstraße 71', '47137', 'Duisburg', 'https://img.ecmaps.de/remote/.jpg?mode=crop&scale=both&width=2000&height=1000&url=https://dam.destination.one/922711/b2d7c284c7e500ca0bef9d2d84ae843088905dcc5e69c83e30247acf4c8c02ca/landschaftspark-duisburg-nord-kl-rteich-und-krokodil-duisburg.jpg', 51.4807391, 6.7838001, 5, 42),
(122, 'Olympiastadion Berlin', 'Diente in Die Tribute von Panem – The Ballad of Songbirds and Snakes als Kulisse für die Arena, in der die Hungerspiele stattfinden.', 'Ein historisches Stadion in Berlin, bekannt für seine monumentale Architektur und als Austragungsort der Olympischen Spiele 1936.', 'Olympischer Platz 3', '14053', 'Berlin', 'https://upload.wikimedia.org/wikipedia/commons/a/a5/Marathontor_Olympiastadion_Berlin.jpg', 52.5146716, 13.2432184, 5, 42),
(123, 'Altes Stadthaus (Bärensaal)', 'Diente in Die Tribute von Panem – The Ballad of Songbirds and Snakes als Heavensbee Hall, wo die Mentoren ihre Auszeichnungen erhalten.', 'Ein beeindruckendes historisches Gebäude in Berlin mit dem berühmten Bärensaal, bekannt für seine prächtige Architektur.', 'Klosterstraße 47', '10179', 'Berlin', 'https://upload.wikimedia.org/wikipedia/commons/a/af/Altes_Stadthaus,_Westseite,_Berlin-Mitte,_160213,_ako.jpg', 52.5167189, 13.4120941, 5, 42),
(124, 'Matamata', 'Wurde in *Der Herr der Ringe: Die Gefährten* und *Der Hobbit* als das Auenland genutzt, inklusive Beutelsend, dem Grünen Drachen und den Hobbithöhlen.', 'Eine kleine Stadt auf der Nordinsel Neuseelands, bekannt für ihre grünen Hügel und Schaffarmen. Heute gibt es eine offizielle Hobbiton-Filmset-Tour.', '501 Buckland Rd', '3472', 'Matamata', 'https://upload.wikimedia.org/wikipedia/commons/d/d5/Matamata_Hobbingen.JPG', -37.8650614, 175.6860588, 9, 43),
(125, 'Mount Sunday', 'Wurde in *Der Herr der Ringe: Die Zwei Türme* als Hauptstadt von Rohan, Edoras, genutzt. Hier wurde Meduseld, die goldene Halle von Théoden, digital ergänzt.', 'Ein abgelegener Berg in der Region Canterbury, Neuseeland. Die Landschaft ist von weiten Ebenen und schneebedeckten Gipfeln umgeben.', 'Hakatere Conservation Park', 'nan', 'Canterbury', 'https://upload.wikimedia.org/wikipedia/commons/a/ac/Mt._Sunday_(Erewhon).jpg', -43.5481553, 170.8932674, 9, 44),
(126, 'Tongariro Nationalpark', 'Wurde in *Der Herr der Ringe: Die Rückkehr des Königs* als Schicksalsberg in Mordor genutzt, wo Frodo den einen Ring zerstören muss.', 'Ein UNESCO-Weltnaturerbe mit aktiven Vulkanen, alpinen Ebenen und rauer Landschaft. Der Mount Ngauruhoe wurde für den Film leicht verändert.', 'Tongariro National Park', 'nan', 'Manawatu-Wanganui', 'https://upload.wikimedia.org/wikipedia/commons/thumb/c/ce/Tongariro_National_Park,_New_Zealand_(13293071503).jpg/1600px-Tongariro_National_Park,_New_Zealand_(13293071503).jpg', -39.2004457, 175.6063118, 9, 45),
(127, 'Kawarau Gorge', 'Wurde in *Der Herr der Ringe: Die Gefährten* als Kulisse für die Argonath, die riesigen Statuen der Könige von Gondor am Anduin, genutzt.', 'Eine tiefe Flussschlucht auf der Südinsel Neuseelands, bekannt für türkisfarbenes Wasser und spektakuläre Landschaften.', 'State Highway 6', 'nan', 'Otago', 'https://upload.wikimedia.org/wikipedia/commons/c/cf/Kawarau_River_with_Roaring_Meg.jpg', -45.0203233, 169.0930782, 9, 43),
(128, 'Fiordland Nationalpark', 'Wurde in *Der Herr der Ringe: Die Gefährten* als der Elbenwald Lothlórien genutzt, in dem Frodo und die Gemeinschaft auf Galadriel treffen.', 'Eine der unberührtesten und schönsten Landschaften Neuseelands, geprägt von dichten Regenwäldern, Fjorden und Bergen.', 'Fiordland National Park', 'nan', 'Te Anau', 'https://upload.wikimedia.org/wikipedia/commons/0/09/Rolla_Island_in_front_of_Commander_Peak_and_entrance_to_Hall_Arm_of_Doubtful_Sound.jpg', -45.4083325, 167.3592055, 9, 43),
(129, 'Putangirua Pinnacles', 'Wurde in *Der Herr der Ringe: Die Zwei Türme* als Helms Klamm und als Kulisse für die Pfade der Toten genutzt.', 'Eine beeindruckende Felsformation in der Region Wellington, entstanden durch Jahrtausende der Erosion.', 'Cape Palliser Rd', 'nan', 'Wellington', 'https://upload.wikimedia.org/wikipedia/commons/0/05/Afternoon_view_over_Putangirua_Pinnacles_area.jpg', -41.4461596, 175.2456452, 9, 44),
(130, 'Kaitoke Regional Park', 'Wurde in *Der Herr der Ringe: Die Gefährten* als Kulisse für Bruchtal genutzt, wo Frodo und die Gefährten Elronds Haus erreichten.', 'Ein üppiger Waldpark mit Flüssen und Wasserfällen in der Nähe von Wellington.', 'Waterworks Rd', 'nan', 'Wellington', 'https://glimpse-of-freedom.de/wp-content/uploads/Rivendell-Kaitoke-Regional-Park-scaled.jpg', -41.0570826, 175.1932850, 9, 43),
(131, 'Mavora Lakes', 'Wurde in *Der Herr der Ringe: Die Gefährten* als Schauplatz von Amon Hen genutzt, wo Boromir stirbt und die Gemeinschaft sich trennt.', 'Ein abgelegenes Seengebiet auf der Südinsel, umgeben von Wäldern und Bergen.', 'Mavora Lakes Rd', 'nan', 'Southland', 'https://upload.wikimedia.org/wikipedia/commons/1/17/North_Mavora_Lake_-_panoramio.jpg', -45.2215837, 168.1677914, 9, 43),
(132, 'Poolburn Reservoir', 'Wurde in *Der Herr der Ringe: Die Zwei Türme* als Felder von Rohan genutzt, wo die Rohirrim lagerten.', 'Ein künstlicher Stausee mit karger, felsiger Landschaft in Otago.', 'Poolburn', 'nan', 'Otago', 'https://upload.wikimedia.org/wikipedia/commons/thumb/f/f2/Poolburn_Reservoir_736.JPG/1200px-Poolburn_Reservoir_736.JPG', -45.3000288, 169.7549278, 9, 44),
(133, 'Snowdon Forest', 'Wurde in *Der Herr der Ringe: Die Zwei Türme* als Fangorn-Wald genutzt, wo Merry und Pippin auf Baumbart treffen.', 'Ein dichter Wald in der Region Southland mit hohen Bäumen und geheimnisvoller Atmosphäre.', 'Snowdon Forest', 'nan', 'Southland', 'https://www.doc.govt.nz/thumbs/hero/contentassets/d27ae61ee6be4024999ab389620e61fa/snowdon-forest-hero.jpg', -45.2741049, 168.0591909, 9, 44),
(134, 'Desert Road', 'Wurde in *Der Herr der Ringe: Die Rückkehr des Königs* als weites Ödland von Mordor genutzt, durch das Frodo und Sam reisten.', 'Eine lange, karge Straße durch das zentrale Vulkanplateau Neuseelands, mit einer landschaftlichen Kulisse, die an die Einöde von Mordor erinnert.', 'State Highway 1', 'nan', 'Ruapehu', 'https://upload.wikimedia.org/wikipedia/commons/c/c6/State_Highway_1_in_Rangipo_Desert_03.jpg', -39.2259966, 175.7386910, 9, 45),
(135, 'Mount Ruapehu', 'Wurde in *Der Hobbit: Smaugs Einöde* als Kulisse für den Einsamen Berg Erebor genutzt, die Heimat der Zwerge und Smaugs Versteck.', 'Ein aktiver Vulkan im Tongariro-Nationalpark, mit schroffen Felsformationen und eisigen Gipfeln.', 'Tongariro National Park', 'nan', 'Ruapehu', 'https://upload.wikimedia.org/wikipedia/commons/d/dd/Ruapehu_from_Rangataua.jpg', -39.2810553, 175.5683387, 9, 47),
(136, 'Lake Pukaki', 'Wurde in *Der Hobbit: Die Schlacht der Fünf Heere* als Kulisse für Esgaroth (Seestadt) genutzt, wo Bard der Bogenschütze gegen Smaug kämpft.', 'Ein türkisblauer Gletschersee auf der Südinsel Neuseelands mit einer spektakulären Bergkulisse.', 'State Highway 8', 'nan', 'Pukaki', 'https://upload.wikimedia.org/wikipedia/commons/a/ac/Lake_Pukaki_NZ_2005.jpg', -44.0410595, 170.1649434, 9, 48),
(137, 'Pelorus River', 'Wurde in *Der Hobbit: Smaugs Einöde* als Schauplatz für die Fassfahrt der Zwerge im Fluss Anduin genutzt.', 'Ein Fluss mit kristallklarem Wasser, umgeben von tropischen Wäldern und steilen Felsen.', 'Pelorus Bridge Scenic Reserve', 'nan', 'Marlborough', 'https://upload.wikimedia.org/wikipedia/commons/thumb/b/be/Pelorus_River_001.JPG/2560px-Pelorus_River_001.JPG', -41.3450036, 173.4640364, 9, 47),
(138, 'Turoa Skifield', 'Wurde in *Der Hobbit: Die Schlacht der Fünf Heere* als Kulisse für Gundabad genutzt, die Festung der Orks.', 'Ein eisiges Hochland auf Mount Ruapehu, das im Winter als Skigebiet dient.', 'Turoa Access Rd', 'nan', 'Ruapehu', 'https://upload.wikimedia.org/wikipedia/commons/thumb/c/c0/Ruapehu_Whakapapa_Skifield_Base.jpg/1200px-Ruapehu_Whakapapa_Skifield_Base.jpg', -39.2356397, 175.5604139, 9, 48),
(139, 'Cathedral Cove', 'In *Die Chroniken von Narnia: Prinz Kaspian von Narnia* kommen die Pevensie-Geschwister durch ein magisches Portal hier an und betreten Narnia zum zweiten Mal.', 'Eine atemberaubende Bucht mit einem natürlichen Felsbogen in Neuseeland. Bekannt für ihre weißen Sandstrände und türkisfarbenes Wasser.', 'Coromandel Peninsula', '3591', 'Hahei', 'https://upload.wikimedia.org/wikipedia/commons/thumb/0/0b/Cathedral_Cove_06.jpg/1200px-Cathedral_Cove_06.jpg', -36.8286246, 175.7906328, 9, 50),
(140, 'Elephant Rocks', 'In *Die Chroniken von Narnia: Der König von Narnia* wurde dieser Ort als das Lager von Aslans Armee genutzt, wo sich die Verbündeten auf die Schlacht gegen die Weiße Hexe vorbereiten.', 'Eine beeindruckende Felsformation in Neuseeland, bestehend aus riesigen, sanft geschwungenen Kalksteinfelsen.', 'Island Cliff', '9401', 'Duntroon', 'https://upload.wikimedia.org/wikipedia/commons/c/c8/Elephant_Rocks_in_Waitaki_Valley,_New_Zealand.jpg', -35.0239568, 117.2384990, 9, 49),
(141, 'Woodhill Forest', 'In *Die Chroniken von Narnia: Der König von Narnia* diente dieser Wald als Hintergrund für viele Szenen, darunter die Flucht der Pevensie-Geschwister vor den Wölfen der Weißen Hexe.', 'Ein dichter Wald in Neuseeland, der häufig als Kulisse für Filme genutzt wird.', 'Restall Road', '883', 'Auckland', 'https://www.woodhillforest.co.nz/wp-content/uploads/2024/10/woodhill-forest-fliming-location-riverhead-nav-1.jpg', -36.7437958, 174.4308283, 9, 49),
(142, 'Cairngorms National Park', 'In Die Chroniken von Narnia: Die Reise auf der Morgenröte wurden Teile von Narnias Landschaft hier gefilmt, insbesondere einige Aufnahmen der Küste.', 'Ein riesiger Nationalpark in Schottland mit Bergen, Wäldern und Seen.', 'Cairngorms', 'PH22', 'Aviemore', 'https://upload.wikimedia.org/wikipedia/commons/1/12/Cairngorms_National_Park,_Scotland.jpg', 57.0492893, -3.5611481, 3, 51),
(143, 'Sky Pizza', 'In Parasite wird Sky Pizza als der Imbissladen gezeigt, bei dem die Kim-Familie Pizzaschachteln faltet, um Geld zu verdienen.', 'Ein kleines familiengeführtes Pizzarestaurant in Seoul, bekannt für seine \"Sky Pizza\".', '86 Noksapyeong-daero 11-gil, Yongsan-gu', '4315', 'Seoul', 'https://media.cnn.com/api/v1/images/stellar/prod/200218152559-seoul-sky-pizza-or-pizza-generation-in-parasite.jpg?q=w_1600,h_900,x_0,y_0,c_fill/h_447', 37.5423000, 126.9874000, 16, 53),
(144, 'Doijissal Supermarket', 'In Parasite wird dieser Laden als das Geschäft gezeigt, in dem Ki-woo (Kevin) sich mit einem Freund trifft, um den Hauslehrer-Job bei der Park-Familie zu übernehmen.', 'Ein kleiner Tante-Emma-Laden in Seoul, der von Einheimischen besucht wird.', '32 Songijeong-ro, Mapo-gu', '4158', 'Seoul', 'https://upload.wikimedia.org/wikipedia/commons/thumb/8/84/Doijissal_Supermarket.jpg/2560px-Doijissal_Supermarket.jpg', 37.5567000, 126.9108000, 16, 53),
(145, 'Jahamun Tunnel', 'In Parasite sieht man diesen Tunnel in der dramatischen Szene, als Ki-taek (der Vater) nach dem Mord an Mr. Park flieht.', 'Ein unterirdischer Fußgängertunnel in Seoul mit charakteristischer Architektur.', '219 Jahamun-ro, Jongno-gu', '3036', 'Seoul', 'https://english.visitseoul.net/comm/getImage?srvcId=POST&parentSn=37213&fileTy=POSTTHUMB&fileNo=1', 37.5867000, 126.9682000, 16, 53),
(146, 'Seoul Station', 'In Train to Busan beginnt hier die Katastrophe, als sich die Infektion unbemerkt in den Zug nach Busan ausbreitet.', 'Der größte Bahnhof in Südkoreas Hauptstadt, ein wichtiger Knotenpunkt für Fern- und Nahverkehrszüge.', '405 Hangang-daero, Jung-gu', '4637', 'Seoul', 'https://upload.wikimedia.org/wikipedia/commons/thumb/f/f0/Seoul-station-20181122-072342.jpg/2880px-Seoul-station-20181122-072342.jpg', 37.5547000, 126.9707000, 16, 54),
(147, 'East Daegu Station', 'In Train to Busan versuchen einige Passagiere, den Zug hier zu verlassen, doch die Bedrohung macht dies unmöglich.', 'Ein moderner KTX-Bahnhof in Daegu, ein wichtiger Verkehrsknotenpunkt für Südkorea.', '550 Dongdaegu-ro, Dong-gu', '41243', 'Daegu', 'https://upload.wikimedia.org/wikipedia/en/thumb/e/ec/DaeguStation.jpg/1200px-DaeguStation.jpg', 35.8797000, 128.6282000, 16, 54),
(148, 'Busan Station', 'In Train to Busan erreichen die überlebenden Passagiere endlich Busan, doch sie müssen noch eine letzte Herausforderung überstehen, bevor sie in Sicherheit sind.', 'Der Endbahnhof der Hochgeschwindigkeitsstrecke KTX in Busan, Südkoreas zweitgrößter Stadt.', '206 Jungang-daero', '48821', 'Busan', 'https://upload.wikimedia.org/wikipedia/commons/thumb/8/81/Busan-subway-2000-27th-unit-20090223.jpg/800px-Busan-subway-2000-27th-unit-20090223.jpg', 35.1150000, 129.0410000, 16, 54),
(149, 'Ki-taeks Semi-Basement Apartment', 'In Parasite ist dies das Zuhause der Kim-Familie. Hier sehen wir, wie sie ums Überleben kämpfen, während sie in ärmlichen Verhältnissen leben – bis ihr Plan, die Park-Familie auszunutzen, beginnt', 'Eine halbunterirdische Wohnung in Seoul, typisch für ärmere Haushalte in Südkorea. Diese Art von Wohnungen wurde während der 1980er-Jahre gebaut und bietet begrenztes Tageslicht.', '3 Songijeong-ro 6-gil, Mapo-gu', '4158', 'Seoul', 'https://media.cnn.com/api/v1/images/stellar/prod/200218152342-parasite-seoul-tour-staircase-in-kims-village.jpg?q=w_1110,c_fill/f_webp', 37.5569000, 126.9125000, 16, 53),
(150, 'Skiathos Hafen', 'Diente in Mamma Mia! (2008) als Hafen, von dem Sophie und ihre Freundinnen zur Insel Kalokairi segeln', 'Ein malerischer Hafen auf der griechischen Insel Skiathos, bekannt für seine engen Gassen und schönen Fischerboote.', 'Skiathos Port', '37002', 'Skiathos', 'https://upload.wikimedia.org/wikipedia/commons/thumb/4/44/New_Harbor_of_Skiathos_2016.jpg/1200px-New_Harbor_of_Skiathos_2016.jpg', 39.1622000, 23.4902000, 35, 55),
(151, 'Skopelos – Kastani Beach', 'Diente in Mamma Mia! (2008) als Kulisse für mehrere Strandszenen, darunter „Does Your Mother Know“ mit Tanya.', 'Ein idyllischer Sandstrand auf der griechischen Insel Skopelos, umgeben von Pinienwäldern und türkisblauem Wasser.', 'Kastani Beach', '37003', 'Skopelos', 'https://upload.wikimedia.org/wikipedia/commons/8/85/Beach_on_Skopelos_Island,_Greece.jpg', 39.1325000, 23.6172000, 35, 55),
(152, 'Agios Ioannis Chapel', 'Diente in Mamma Mia! (2008) als Hochzeitskapelle, in der Sophie heiraten wollte.', 'Eine berühmte kleine Kirche auf einem Felsen in Skopelos mit atemberaubender Aussicht über das Meer.', 'Agios Ioannis, Skopelos', '37003', 'Skopelos', 'https://encrypted-tbn0.gstatic.com/images?q=tbn:ANd9GcRWrGW95uUPry31Imfz_VI8rzLI77-LI1n8RA&s', 39.1802000, 23.6215000, 35, 55),
(153, 'Vis – Barjoska Bay', 'Diente in Mamma Mia! Here We Go Again (2018) als Kulisse für das fiktive Hotel Bella Donna auf Kalokairi.', 'Eine traumhafte, abgelegene Bucht auf der kroatischen Insel Vis mit kristallklarem Wasser.', 'Barjoska Bay, Vis', '21480', 'Vis', 'https://lh5.googleusercontent.com/p/AF1QipMbfdO9yfVDpmTI_CiAZ3mNz6CUyVrH_CwUEZUk=s800', 43.0475000, 16.1836000, 51, 56),
(154, 'Komiza – Vis', 'Diente in Mamma Mia! Here We Go Again (2018) als Kulisse für das Inseldorf auf Kalokairi.', 'Eine charmante kleine Hafenstadt auf der kroatischen Insel Vis mit malerischen Gassen und Stränden.', 'Komiza, Vis', '21485', 'Komiza', 'https://upload.wikimedia.org/wikipedia/commons/thumb/e/eb/Komiza_-_Vis.jpg/640px-Komiza_-_Vis.jpg', 43.0431000, 16.0914000, 51, 56),
(155, 'Queensboro Bridge', 'In Spider-Man (2002) hält Spidey die herunterfallende Roosevelt Island Tram mit Mary Jane und einer Gruppe von Kindern auf, während der Grüne Kobold ihn angreift.', 'Die Queensboro Bridge verbindet Manhattan und Queens und ist eine der bekanntesten Brücken in New York City.', '61 Ed Koch Queensboro Bridge Path', 'NY 10044', 'New York', 'https://upload.wikimedia.org/wikipedia/commons/thumb/8/83/Queensboro_Bridge_from_Manhattan_side.jpg/1200px-Queensboro_Bridge_from_Manhattan_side.jpg', 40.7570996, -73.9547551, 1, 16),
(156, 'Flatiron Building', 'In Spider-Man (2002-2007) ist es der Sitz des Daily Bugle, wo Peter Parker als Fotograf für J. Jonah Jameson arbeitet.', 'Ein dreieckiges Wahrzeichen in Manhattan, bekannt für seine einzigartige Architektur.', '175 5th Ave', 'NY 10010', 'New York', 'https://upload.wikimedia.org/wikipedia/commons/thumb/a/a9/Flatiron_crop_20040522_114306_1.jpg/640px-Flatiron_crop_20040522_114306_1.jpg', 40.7415000, -73.9893000, 1, 16),
(157, 'New York Public Library', 'In Spider-Man (2002) wird Onkel Ben in der Nähe der Bibliothek erschossen, nachdem er Peter vorher seinen ikonischen Rat gibt: „Mit großer Macht kommt große Verantwortung.', 'Eine der berühmtesten Bibliotheken der Welt mit beeindruckender Architektur.', '476 5th Ave', 'NY 10018', 'New York', 'https://upload.wikimedia.org/wikipedia/commons/thumb/d/dc/Public_Building_Library.jpg/1200px-Public_Building_Library.jpg', 40.7539950, -73.9822534, 1, 16),
(158, 'Columbia University', 'In Spider-Man (2002) wird Peter Parker hier von einer genetisch veränderten Spinne gebissen und erhält seine Kräfte.', 'Eine renommierte Universität in New York City mit einer beeindruckenden Campus-Architektur.', '116th and Broadway', 'NY 10027', 'New York', 'https://upload.wikimedia.org/wikipedia/commons/thumb/2/2a/Low_Library_Columbia_University_8-11-06.jpg/1024px-Low_Library_Columbia_University_8-11-06.jpg', 40.8077067, -73.9625807, 1, 16),
(159, 'Times Square', 'In Spider-Man (2002) greift der Grüne Kobold eine Parade an, und Peter Parker muss sich öffentlich als Spider-Man offenbaren, um Mary Jane und die Menschen zu retten.', 'Einer der belebtesten Plätze der Welt, bekannt für seine riesigen Werbetafeln.', 'Times Square', 'NY 10036', 'New York', 'https://upload.wikimedia.org/wikipedia/commons/thumb/4/47/New_york_times_square-terabass.jpg/1200px-New_york_times_square-terabass.jpg', 40.7580402, -73.9855527, 1, 16),
(160, 'Joe’s Pizza', 'In Spider-Man 2 (2004) arbeitet Peter Parker als Pizza-Lieferant für Joe’s Pizza, verliert aber seinen Job, weil er immer zu spät ist.', 'Eine echte Pizzeria in New York, bekannt für ihre authentischen New Yorker Pizzen.', '7 Carmine St', 'NY 10014', 'New York', 'https://static.wikia.nocookie.net/spiderman-films/images/e/e3/Joe\'s_Pizza.jpg/revision/latest?cb=20170629223345', 40.7308117, -74.0020972, 1, 17),
(161, 'Manhattan Bridge', 'In Spider-Man 3 (2007) schwingt sich Peter Parker über die Manhattan Bridge, während er mit seinen dunkleren Emotionen durch den Einfluss des schwarzen Symbionten kämpft.', 'Eine große Hängebrücke, die Manhattan und Brooklyn verbindet.', 'Manhattan Brg', 'NY 10002', 'New York', 'https://upload.wikimedia.org/wikipedia/commons/thumb/5/5f/Manhattan_Bridge_Washington_Street.jpg/782px-Manhattan_Bridge_Washington_Street.jpg', 40.7078831, -73.9908314, 1, 18),
(162, 'Brooklyn Bridge', 'In Spider-Man 3 (2007) inszeniert Harry Osborn hier seinen ersten Kampf mit Peter, als er ihn mit seinem Gleiter angreift.', 'Eine ikonische Brücke, bekannt für ihre gotischen Türme und Stahlseile.', 'Brooklyn Brg', 'NY 10038', 'New York', 'https://upload.wikimedia.org/wikipedia/commons/thumb/a/a4/Brooklyn_Bridge_NY.jpg/2560px-Brooklyn_Bridge_NY.jpg', 40.7062892, -73.9967568, 1, 18),
(163, 'Greystone Mansion', 'In Spider-Man (2002) diente Greystone Mansion als das Anwesen der Osborns, in dem Norman Osborn und Harry Osborn leben.', 'Ein historisches Herrenhaus in Beverly Hills, Kalifornien. Es wurde 1928 erbaut und wird oft als Filmkulisse genutzt.', '905 Loma Vista Dr', 'CA 90210', 'New York', 'https://upload.wikimedia.org/wikipedia/commons/5/58/Greystone_Mansion.JPG', 34.0922938, -118.4012653, 1, 16),
(164, 'Grand Central Terminal', 'In Marvel’s The Avengers (2012) wurde das Terminal während der Schlacht von New York schwer beschädigt, als die Chitauri die Stadt angriffen.', 'Historischer Bahnhof und berühmtes Wahrzeichen in Manhattan, bekannt für seine beeindruckende Architektur und hohe Decken.', '89 E 42nd St', '10017', 'New York', 'https://upload.wikimedia.org/wikipedia/commons/thumb/3/39/Grand_Central_Terminal_Main_Concourse_May_2014_-_2.jpg/1200px-Grand_Central_Terminal_Main_Concourse_May_2014_-_2.jpg', 40.7527000, -73.9772000, 1, 57),
(165, 'Rivoli Ballroom', 'In Avengers: Age of Ultron (2015) wurde der Ballsaal als Schauplatz für die Party genutzt, auf der die Avengers versuchen, Mjölnir zu heben.', 'Eleganter historischer Ballsaal in London, bekannt für sein rotes Samtdesign und klassische Architektur.', '350 Brockley Rd', 'SE4 2BY', 'London', 'https://dynamic-media-cdn.tripadvisor.com/media/photo-o/11/17/cf/e7/the-cinema-set-up.jpg?w=1200&h=-1&s=1', 51.4609000, -0.0364000, 3, 58),
(166, 'Edinburgh Waverley Station', 'In Avengers: Infinity War (2018) kämpfen Vision und Wanda gegen Corvus Glaive und Proxima Midnight auf dem Bahnsteig.', 'Der wichtigste Bahnhof in Edinburgh mit historischer Architektur und beeindruckenden Bahnsteigen.', 'Waverley Bridge', 'EH1 1BB', 'Edinburgh', 'https://upload.wikimedia.org/wikipedia/commons/1/1a/Edinburgh_Waverley_from_the_east,_2016.jpg', 55.9519000, -3.1903000, 3, 59),
(167, 'Tony Stark’s Cabin', 'In Avengers: Endgame (2019) lebte Tony Stark hier mit Pepper Potts und seiner Tochter Morgan, bevor er sich auf seine letzte Mission begab.', 'Eine idyllische Hütte am See, die für viele Fans zu einem beliebten Pilgerort wurde.', 'Big Lake', 'GA', 'Fairburn', 'https://s.abcnews.com/images/GMA/gma-tony-stark-cabin-avengers-endgame-1-ht-jcl-190612_hpEmbed_4x3_992.jpg', 33.5668000, -84.5810000, 1, 60),
(168, 'MetLife Building', 'In Marvel’s The Avengers (2012) wurde das Gebäude digital zum Stark Tower umgestaltet, dem Hauptquartier der Avengers.', 'Eines der bekanntesten Hochhäuser in New York City, das direkt über Grand Central Station thront.', '200 Park Ave', '10166', 'New York', 'https://upload.wikimedia.org/wikipedia/commons/b/b6/Walter_Gropius_photo_MetLife_Building_fassade_New_York_USA_2005-10-03.jpg', 40.7549000, -73.9774000, 1, 57),
(169, 'Chico Hot Springs, Montana', 'In Avengers: Age of Ultron (2015) ist dies der Drehort für Hawkeyes geheimes Haus, in das sich die Avengers zurückziehen.', 'Ein bekanntes Resort mit Thermalquellen in einer ländlichen Region Montanas.', '163 Chico Rd', '59027', 'Pray', 'https://upload.wikimedia.org/wikipedia/commons/6/6c/Chico_Hot_Springs.jpg', 45.3442000, -110.7299000, 1, 58),
(170, 'Downtown Atlanta', 'In Avengers: Infinity War (2018) wurde dieser Bereich als New York City inszeniert, wo Doctor Strange, Tony Stark und Spider-Man gegen Ebony Maw kämpfen.', 'Das Zentrum von Atlanta mit Wolkenkratzern und modernen Straßen.', 'Peachtree St', '30303', 'Atlanta', 'https://upload.wikimedia.org/wikipedia/commons/7/70/Atlanta_cityscape.jpg', 33.7490000, -84.3880000, 1, 59),
(171, 'The Banaue Rice Terraces', 'In Avengers: Infinity War (2018) diente dieser Ort als Kulisse für Thanos’ Ruhestätte nach dem Snap.', 'Historische Reisterrassen, die seit Jahrhunderten in die Berghänge der Philippinen gemeißelt sind.', 'Banaue, Ifugao', '3601', 'Banaue', 'https://encrypted-tbn0.gstatic.com/images?q=tbn:ANd9GcTEth8rM2-b927m0iOIfvo8Sx5C6MIgWIA48A&s', 16.9125000, 121.0622000, 40, 59),
(172, 'Vasquez Rocks, Kalifornien', 'In Avengers: Endgame (2019) wurde dieser Ort für den Planeten Vormir genutzt, wo Black Widow und Hawkeye um den Seelenstein kämpfen.', 'Ein berühmter Naturpark mit markanten Felsformationen, bekannt aus vielen Hollywood-Filmen.', '10700 Escondido Canyon Rd', '91350', 'Agua Dulce', 'https://upload.wikimedia.org/wikipedia/commons/c/c8/Vasquez_Rocks_County_Park.jpg', 34.4881000, -118.3202000, 1, 60),
(173, 'St. Abbs', 'In Avengers: Endgame (2019) diente das Dorf als Kulisse für New Asgard, wo Thor nach den Ereignissen des Snap lebt.', 'Ein kleines Fischerdorf in Schottland, bekannt für seine malerische Küstenlandschaft.', 'St. Abbs', 'TD14 5QF', 'Eyemouth', 'https://upload.wikimedia.org/wikipedia/commons/thumb/0/06/St_abbs_borders_scotland.jpg/1200px-St_abbs_borders_scotland.jpg', 55.9016000, -2.1290000, 3, 60),
(174, 'Trafalgar Square', 'In Captain America: The First Avenger sieht man diesen Platz kurz während Steve Rogers’ erster Reise nach Europa.', 'Ein berühmter Platz in London mit historischen Denkmälern, darunter die Nelsonsäule und die National Gallery.', 'Trafalgar Square', 'WC2N 5DN', 'London', 'https://upload.wikimedia.org/wikipedia/commons/thumb/a/a6/Trafalgar_Square,_London_2_-_Jun_2009.jpg/1200px-Trafalgar_Square,_London_2_-_Jun_2009.jpg', 51.5079000, -0.1280000, 3, 61),
(175, 'Stanley Dock', 'Wurde in Captain America: The First Avenger als Kulisse für das Hydra-Lager in Norwegen verwendet.', 'Ein historisches Hafengebiet in Liverpool, das für viele Filmproduktionen genutzt wird.', 'Stanley Dock, Regent Road', 'L3 0AN', 'Liverpool', 'https://upload.wikimedia.org/wikipedia/commons/thumb/4/44/Stanley_Dock_2019.jpg/1200px-Stanley_Dock_2019.jpg', 53.4096000, -2.9985000, 3, 61),
(176, 'National World War II Museum', 'In Captain America: The First Avenger wurde es für mehrere historische Kriegsfilmszenen verwendet.', 'Ein berühmtes Museum in New Orleans, das der Geschichte des Zweiten Weltkriegs gewidmet ist.', '945 Magazine St', '70130', 'New Orleans', 'https://upload.wikimedia.org/wikipedia/commons/thumb/1/19/The_National_WWII_Museum_New_Orleans_Dec_2015.jpg/2560px-The_National_WWII_Museum_New_Orleans_Dec_2015.jpg', 29.9426000, -90.0705000, 1, 61),
(177, 'Cleveland Public Square', 'In Captain America: The Winter Soldier wurde hier die Verfolgungsszene zwischen Captain America und dem Winter Soldier gedreht.', 'Ein zentraler Platz in Cleveland, Ohio, bekannt für seine urbanen Landschaften und historische Bedeutung.', 'Public Square', '44114', 'Cleveland', 'https://upload.wikimedia.org/wikipedia/commons/f/f5/Public_Square_Cleveland_2022.png', 41.4993000, -81.6944000, 1, 62),
(178, 'Severance Hall', 'In Captain America: The Winter Soldier wurde die Szene mit Nick Fury, als er von Hydra-Agenten verfolgt wird, hier gefilmt.', 'Ein Konzertsaal in Cleveland, Ohio, bekannt für seine beeindruckende Architektur.', '11001 Euclid Ave', '44106', 'Cleveland', 'https://encrypted-tbn0.gstatic.com/images?q=tbn:ANd9GcRjz0wLOX6VMvLVDaP36vBURYB8fL_THJfujg&s', 41.5061000, -81.6098000, 1, 62),
(179, 'Frankfurt-Hahn Flughafen', 'In Captain America: Civil War wurde der Flughafen als Leipziger Flughafen genutzt, wo der epische Kampf zwischen den Avengers stattfand.', 'Ein internationaler Flughafen in Deutschland, etwa 120 km von Frankfurt entfernt.', 'Gebäude 667', '55483', 'Hahn', 'https://upload.wikimedia.org/wikipedia/commons/9/9d/Terminal1_hahn_airport.jpg', 49.9481000, 7.2639000, 5, 63),
(180, 'Randy’s Donuts', 'In Iron Man 2 sieht man Tony Stark entspannt in einem Donut sitzen, nachdem er betrunken in seinem Anzug für Chaos gesorgt hat.', 'Legendärer Donut-Shop in Los Angeles mit riesigem Donut auf dem Dach. Beliebtes Fotomotiv und Kult-Location.', '805 W Manchester Blvd', '90301', 'Inglewood', 'https://upload.wikimedia.org/wikipedia/commons/7/73/Randys_Donuts,_Inglewood,_California_(14331306597).jpg', 33.9616000, -118.3520000, 1, 65),
(181, 'Edith J. Carrier Arboretum', 'In Iron Man 3 wird dieser Ort als ein abgeschiedener Rückzugsort genutzt, wo Tony Stark nach dem Angriff auf sein Anwesen Zuflucht sucht.', 'Botanischer Garten in Virginia, USA, der für seine malerischen Wanderwege und dichte Vegetation bekannt ist.', '780 University Blvd', '22807', 'Harrisonburg', 'https://upload.wikimedia.org/wikipedia/commons/8/82/Sequoiafarm_Eingangsbereich.jpg', 38.4350000, -78.8738000, 1, 66),
(182, 'Stark Expo - Flushing Meadows Corona Park', 'In Iron Man 2 dient dieser Park als Kulisse für die Stark Expo, wo Tony Stark neue Technologien präsentiert und später von Whiplash attackiert wird.', 'Ein berühmter Park in New York, der als Veranstaltungsort für die Weltausstellung 1964 diente.', 'Flushing Meadows, Queens', '11368', 'New York City', 'https://upload.wikimedia.org/wikipedia/commons/thumb/7/72/Unisfera_Flushing.jpg/640px-Unisfera_Flushing.jpg', 40.7498000, -73.8446000, 1, 65),
(183, 'TCL Chinese Theatre', 'In Iron Man 3 explodiert hier eine Bombe während einer terroristischen Attacke von The Mandarin, während Happy Hogan schwer verletzt wird.', 'Legendäres Kino in Hollywood, berühmt für seine Handabdrücke von Stars und Premieren von Blockbuster-Filmen.', '6925 Hollywood Blvd', '90028', 'Los Angeles', 'https://upload.wikimedia.org/wikipedia/commons/9/94/TCL_Chinese_Theatre_(26776687980).jpg', 34.1020000, -118.3419000, 1, 66),
(184, 'Rose Hill Cemetery', 'In Iron Man 3 findet hier eine wichtige Szene statt, in der Tony Stark auf Spurensuche nach dem Ursprung der Extremis-Explosionen geht.', 'Ein historischer Friedhof in South Carolina mit weitläufigen Grünflächen und alten Grabsteinen.', '821 N Augusta St', '29841', 'Aiken', 'https://upload.wikimedia.org/wikipedia/commons/thumb/5/55/Rose_Hill_Cemetery,_Main_Entrance.JPG/1200px-Rose_Hill_Cemetery,_Main_Entrance.JPG', 33.5604000, -81.7196000, 1, 66),
(185, 'Nyhavn', 'In The Danish Girl dient Nyhavn als Kulisse für verschiedene Straßenszenen und zeigt das historische Kopenhagen der 1920er Jahre.', 'Ein malerischer Hafenkai in Kopenhagen, Dänemark, bekannt für seine bunten Häuser und historischen Schiffe.', 'Nyhavn', '1051', 'Kopenhagen', 'https://upload.wikimedia.org/wikipedia/commons/thumb/3/39/Nyhavn-2023.jpg/800px-Nyhavn-2023.jpg', 55.6797000, 12.5886000, 26, 67),
(186, 'Frederiksstadens Kanal', 'In The Danish Girl sieht man diesen Ort, als Lili und Gerda durch die Straßen Kopenhagens spazieren.', 'Ein historischer Kanal im Stadtteil Frederiksstaden mit Blick auf das Schloss Amalienborg.', 'Frederiksstaden', '1257', 'Kopenhagen', 'https://upload.wikimedia.org/wikipedia/commons/5/5f/Frederiksholms_Kanal_København_2019_08_05_e_Stormbroen_Nybrogade.jpg', 55.6841000, 12.5931000, 26, 67),
(187, 'Copenhagen City Hall', 'In The Danish Girl erscheint das Rathaus in einer Szene, in der Lili Elbe rechtliche Angelegenheiten bezüglich ihrer Identität klärt.', 'Das imposante Rathaus von Kopenhagen, erbaut im dänischen Nationalstil mit rotem Backstein.', 'Rådhuspladsen 1', '1550', 'Kopenhagen', 'https://upload.wikimedia.org/wikipedia/commons/thumb/6/60/Rådhuspladsen_-_Vartorv.jpg/2560px-Rådhuspladsen_-_Vartorv.jpg', 55.6758000, 12.5690000, 26, 67),
(188, 'Charlottenborg Kunsthalle', 'In The Danish Girl sieht man die Charlottenborg Kunsthalle als einen der Orte, an denen Gerda ihre Werke ausstellt.', 'Eine bekannte Kunstgalerie in Kopenhagen, die für moderne Ausstellungen genutzt wird.', 'Kongens Nytorv 1', '1050', 'Kopenhagen', 'https://upload.wikimedia.org/wikipedia/commons/7/74/Charlottenborg,_Kopenhagen_2007.JPG', 55.6791000, 12.5871000, 26, 67),
(189, 'Paris - Pont Alexandre III', 'In The Danish Girl erscheint die Brücke in einer Szene, in der Lili nach Paris reist, um ein neues Leben zu beginnen.', 'Eine der prächtigsten Brücken in Paris, bekannt für ihre kunstvollen Lampen und goldenen Statuen.', 'Pont Alexandre III', '75008', 'Paris', 'https://upload.wikimedia.org/wikipedia/commons/3/3c/Pont_Alexandre_III,_Paris_8th_025.JPG', 48.8636000, 2.3135000, 4, 67),
(190, 'Dresden - Frauenkirche', 'In The Danish Girl wird Dresden als Kulisse für Lilis Aufenthalt in Deutschland verwendet.', 'Ein berühmtes barockes Wahrzeichen Dresdens, das nach dem Zweiten Weltkrieg wieder aufgebaut wurde.', 'Neumarkt', '1067', 'Dresden', 'https://encrypted-tbn0.gstatic.com/images?q=tbn:ANd9GcS473eaZsm0wHLjEfsLVE2uIk8XktnB1T9N2g&s', 51.0510000, 13.7416000, 5, 67),
(191, 'Staten Island - Corleone Anwesen', 'Das Haus diente als das Anwesen der Corleone-Familie in Der Pate, wo Don Vito Corleone mit seiner Familie lebte und große Entscheidungen traf.', 'Ein Herrenhaus auf Staten Island, New York, das als Residenz für Dreharbeiten diente. Es liegt in einer ruhigen Nachbarschaft mit einem großen Garten.', '110 Longfellow Ave', '10301', 'Staten Island', 'https://www.meinejungs.com/magazin/wp-content/uploads/2022/08/godfather-mansion-1.jpg', 40.6141000, -74.0638000, 1, 68),
(192, 'St. Patrick’s Old Cathedral', 'Diese Kirche wurde in Der Pate für die Hochzeitszeremonie von Connie Corleone und Carlo Rizzi genutzt.', 'Eine historische katholische Kathedrale in New York City, die für ihre beeindruckende Architektur bekannt ist.', '263 Mulberry St', '10012', 'New York City', 'https://upload.wikimedia.org/wikipedia/commons/9/9c/Basilica_of_Saint_Patrick\'s_Old_Cathedral,_Manhattan,_New_York_(7237381612).jpg', 40.7236000, -73.9969000, 1, 68),
(193, 'Hotel Edison', 'In Der Pate war dies der Ort, an dem Luca Brasi im Auftrag von Virgil Sollozzo ermordet wurde.', 'Ein berühmtes Hotel in Manhattan, das für seine klassische 1920er-Architektur bekannt ist.', '228 W 47th St', '10036', 'New York City', 'https://dynamic-media-cdn.tripadvisor.com/media/photo-o/28/69/b1/9e/hotel-edison-facade.jpg?w=700&h=-1&s=1', 40.7591000, -73.9865000, 1, 68),
(194, 'Bar Vitelli', 'In Der Pate war dies das Café, in dem Michael Corleone um die Hand von Apollonia bat.', 'Ein kleines, traditionelles Café im sizilianischen Savoca mit malerischer Steinarchitektur und Olivenbäumen.', 'Piazza Fossia', '98038', 'Savoca', 'https://upload.wikimedia.org/wikipedia/commons/thumb/2/2d/Savoca,_Bar_Vitelli.JPG/2560px-Savoca,_Bar_Vitelli.JPG', 37.9421000, 15.3257000, 6, 68),
(195, 'Kirche San Nicolò', 'In Der Pate diente sie als Hochzeitskirche für Michael Corleone und Apollonia.', 'Eine kleine Kirche im sizilianischen Dorf Savoca, bekannt für ihre alte Steinfassade.', 'Via San Nicolò', '98038', 'Savoca', 'https://upload.wikimedia.org/wikipedia/commons/thumb/1/16/Savoca_St_Nicolo.jpg/640px-Savoca_St_Nicolo.jpg', 37.9438000, 15.3255000, 6, 68),
(196, 'Forza d’Agrò', 'In Der Pate diente dieser Ort als Kulisse für das Dorf Corleone in Sizilien.', 'Ein mittelalterliches Dorf auf einem Hügel mit Blick auf das Ionische Meer, nahe Taormina.', 'Via Roma', '98030', 'Forza d’Agrò', 'https://upload.wikimedia.org/wikipedia/commons/thumb/6/6d/Forza_d\'Agro_100_0632.jpg/2560px-Forza_d\'Agro_100_0632.jpg', 37.9428000, 15.3556000, 6, 68),
(197, 'Bronx Staircase', 'In Joker (2019) tanzt Arthur Fleck in voller Joker-Montur die Treppen hinunter, während er sich endgültig in den Joker verwandelt.', 'Eine unscheinbare Treppe in der Bronx, New York, die durch den Film weltberühmt wurde. Die Treppe verbindet Shakespeare Avenue mit Anderson Avenue und bietet einen ikonischen Blick auf die Stadt.', '1165 Shakespeare Ave', '10452', 'New York City', 'https://upload.wikimedia.org/wikipedia/commons/thumb/9/93/Anderson_Avenue.jpg/1200px-Anderson_Avenue.jpg', 40.8372000, -73.9245000, 1, 69),
(198, 'Brooklyn Army Terminal', 'In Joker (2019) wurde dieser Ort als Arkham State Hospital verwendet, wo Arthur Fleck Informationen über seine Mutter herausfindet.', 'Ein historisches Hafengebäude in Brooklyn, das ursprünglich als Militärterminal diente. Es ist heute teilweise ein Business-Center und wurde in Filmen oft als Klinik oder Gefängnis genutzt.', '140 58th St', '11220', 'Brooklyn', 'https://upload.wikimedia.org/wikipedia/commons/8/8d/Brooklyn_Army_Terminal_samsebeskazal.livejournal.com-05895_(11061174314).jpg', 40.6453000, -74.0248000, 1, 69),
(199, 'New York County Supreme Court', 'In Joker (2019) wurde das Gebäude als Wayne Hall genutzt, wo Arthur Fleck Thomas Wayne konfrontiert.', 'Das New York County Supreme Court Building in Manhattan ist eines der bekanntesten Gerichtsgebäude der Stadt und ein architektonisches Wahrzeichen.', '60 Centre St', '10007', 'New York', 'https://upload.wikimedia.org/wikipedia/commons/2/2e/NYC_-_New_York_County_Supreme_Courthouse.jpg', 40.7135000, -74.0043000, 1, 69),
(200, '9th Avenue Station, Brooklyn', 'In Joker (2019) spielt sich hier die berühmte U-Bahn-Massaker-Szene ab, in der Arthur Fleck die drei Männer erschießt und endgültig auf die dunkle Seite wechselt.', 'Eine altehrwürdige U-Bahn-Station in Brooklyn, die wegen ihres nostalgischen Designs oft für Filmproduktionen genutzt wird.', '9th Avenue & New Utrecht Ave', '11219', 'Brooklyn', 'https://upload.wikimedia.org/wikipedia/commons/2/2a/Ninth_Avenue_station_from_Manhattan-bound_platform,_September_2018.JPG', 40.6457000, -73.9945000, 1, 69),
(201, 'Görlitz Warenhaus', 'In Grand Budapest Hotel wurde das Görlitz Warenhaus als das prachtvolle Foyer des Hotels genutzt, wo Monsieur Gustave seine Gäste empfing.', 'Ein ehemaliges Kaufhaus in Görlitz, Deutschland. Das historische Gebäude ist bekannt für seine Jugendstil-Architektur und diente als Drehort für mehrere Filme.', 'Struvestraße 3', '2826', 'Görlitz', 'https://upload.wikimedia.org/wikipedia/commons/4/4b/Goerlitz_karstadt_lichthof.jpg', 51.1534000, 14.9885000, 5, 70),
(202, 'Schloss Hainewalde', 'In Grand Budapest Hotel diente Schloss Hainewalde als Inspiration für das Luxushotel und war Kulisse für einige Außenaufnahmen.', 'Ein historisches Barockschloss im Osten Deutschlands, das eine reiche Geschichte besitzt und teilweise restauriert wurde.', 'Hainewalde 1', '2779', 'Hainewalde', 'https://upload.wikimedia.org/wikipedia/commons/b/b0/Schloß_Hainewalde_Ostseite_Denkmalstag_2022.jpg', 50.9175000, 14.7247000, 5, 70),
(203, 'Görlitzer Straßen', 'In Grand Budapest Hotel wurden viele Straßenszenen in der Altstadt von Görlitz gedreht, darunter Verfolgungsszenen mit Zero und Dmitri.', 'Die malerischen Altstadtgassen von Görlitz, eine der besterhaltenen historischen Städte Deutschlands.', 'Altstadt', '2826', 'Görlitz', 'https://upload.wikimedia.org/wikipedia/commons/thumb/9/98/Görlitzer_Straße_49_Dresden.JPG/1200px-Görlitzer_Straße_49_Dresden.JPG', 51.1526000, 14.9845000, 5, 70),
(204, 'Krkonose Gebirge', 'In Grand Budapest Hotel wurden die verschneiten Berglandschaften des Krkonose Gebirges genutzt, um die abenteuerliche Flucht von Gustave und Zero darzustellen.', 'Ein Gebirgszug an der tschechisch-polnischen Grenze, bekannt für seine beeindruckenden Schneelandschaften und Skigebiete.', 'Krkonose Nationalpark', '54351', 'Špindlerův Mlýn', 'https://upload.wikimedia.org/wikipedia/commons/e/ec/Železný_vrch_2.jpg', 50.7364000, 15.7397000, 20, 70),
(205, 'Zwinger in Dresden', 'In Grand Budapest Hotel diente der Zwinger als Kulisse für die luxuriösen Partyszenen im Hotel.', 'Ein berühmtes barockes Schloss mit prächtigem Innenhof in Dresden, Deutschland.', 'Theaterplatz 1', '1067', 'Dresden', 'https://upload.wikimedia.org/wikipedia/commons/thumb/0/0f/Dresden_Germany_Zwinger-01.jpg/2560px-Dresden_Germany_Zwinger-01.jpg', 51.0535000, 13.7363000, 5, 70),
(206, 'Timberline Lodge', 'Wurde in The Shining als Außenansicht des Overlook Hotels genutzt. In den Eröffnungsszenen sieht man das Hotel und die Berglandschaft aus der Vogelperspektive.', 'Ein historisches Berghotel auf dem Mount Hood in Oregon, bekannt für seine rustikale Architektur und alpine Umgebung.', '27500 E Timberline Rd', '97028', 'Government Camp', 'https://image.geo.de/30138340/t/Cz/v4/w1440/r0/-/timberline-lodge-m-h-9-b27cxe-jpg--78653-.jpg', 45.3318000, -121.7117000, 1, 71),
(207, 'The Ahwahnee Hote', 'Das Interieur von The Ahwahnee Hotel wurde in The Shining nachgebaut, um die ikonischen Hotelflure, die Lobby und das große Treppenhaus darzustellen.', 'Ein luxuriöses Hotel im Yosemite-Nationalpark, das als Inspiration für das Set-Design des Overlook Hotels diente.', '1 Ahwahnee Drive', '95389', 'Yosemite Valley', 'https://upload.wikimedia.org/wikipedia/commons/thumb/9/91/Ahwahnee_Hotel_Half_Dome.jpg/2560px-Ahwahnee_Hotel_Half_Dome.jpg', 37.7460000, -119.5752000, 1, 71),
(208, 'Hook & Ladder 8 Firehouse', 'In Ghostbusters (1984) und Ghostbusters: Afterlife (2021) war dieses Feuerwehrhaus die Basis der Ghostbusters. Hier parkten sie den Ecto-1 und führten ihre Geisterjagden durch.', 'Ein aktives Feuerwehrhaus in New York City, bekannt für seine historische Architektur. Es dient der Feuerwehr von Manhattan seit über 100 Jahren.', '14 N Moore St', '10013', 'New York', 'https://upload.wikimedia.org/wikipedia/commons/e/e6/Ghostbusters_Firehouse.jpg', 40.7195000, -74.0064000, 1, 72),
(209, 'Tavern on the Green', 'In Ghostbusters (1984) wird Louis Tully hier von dem Terrorhund Vinz Clortho gejagt, bevor er von ihm besessen wird.', 'Ein berühmtes Restaurant im Central Park mit einer eleganten Atmosphäre und langen Tradition.', '67th Street & Central Park West', '10023', 'New York', 'https://upload.wikimedia.org/wikipedia/commons/thumb/6/68/Tavern_on_the_Green_cloudy_jeh.JPG/1200px-Tavern_on_the_Green_cloudy_jeh.JPG', 40.7736000, -73.9776000, 1, 72),
(210, 'Manhattan City Bank', 'In Ghostbusters II (1989) besuchen die Ghostbusters diese Bank, um einen Kredit für ihre Geisterjäger-Ausrüstung zu beantragen.', 'Eine große Bank im Herzen von Manhattan mit klassischer Architektur.', '40 Wall St', '10005', 'New York', 'https://upload.wikimedia.org/wikipedia/commons/3/3e/40_Wall_Street.jpg', 40.7060000, -74.0092000, 1, 73),
(211, 'Manhattan Museum of Art', 'In Ghostbusters II (1989) befindet sich hier das Gemälde von Vigo dem Karpaten, das von dunkler Energie besessen ist.', 'Ein fiktives Museum im Film, basierend auf dem echte National Museum of the American Indian in New York City.', '1 Bowling Green', '10004', 'New York', 'https://upload.wikimedia.org/wikipedia/commons/thumb/7/7c/NYC_-_Metropolitan_Museum_-_Carroll_and_Milton_Petrie_European_Sculpture_Court.jpg/2560px-NYC_-_Metropolitan_Museum_-_Carroll_and_Milton_Petrie_European_Sculpture_Court.jpg', 40.7057000, -74.0134000, 1, 73),
(212, 'Spook Central - 55 Central Park West', 'In Ghostbusters (1984) ist dieses Gebäude der Wohnort von Dana Barrett und wird zum Zentrum der paranormalen Aktivitäten, als Gozer erscheint.', 'Ein historisches Wohngebäude in New York City, bekannt für seine Art-Déco-Architektur.', '55 Central Park West', '10023', 'New York', 'https://upload.wikimedia.org/wikipedia/commons/3/3e/55_Central_Park_West_(Ghostbusters_Building)_by_David_Shankbone.jpg', 40.7712000, -73.9818000, 1, 72),
(213, 'Hearst Tower', 'In The Amazing Spider-Man 2012 dient der Hearst Tower als Oscorp Tower, das Hauptquartier von Oscorp Industries, wo Peter Parker von einer genmanipulierten Spinne gebissen wird.', 'Der Hearst Tower ist ein markantes Hochhaus in New York City und bekannt für seine moderne Glasfassade.', '300 W 57th St', '10019', 'New York', 'https://upload.wikimedia.org/wikipedia/commons/b/bd/Hearst_Tower_(August_2024).jpg', 40.7667000, -73.9822000, 1, 74),
(214, 'Franklin K. Lane High School', 'In The Amazing Spider-Man 2012 ist dies die Midtown High School, wo Peter Parker zur Schule geht und seine Fähigkeiten nach dem Spinnenbiss entdeckt.', 'Franklin K. Lane High School ist eine echte Schule in Brooklyn, die für viele Filme als Kulisse genutzt wurde.', '999 Jamaica Ave', '11208', 'Brooklyn', 'https://upload.wikimedia.org/wikipedia/commons/thumb/0/02/75th_St-Elderts_Ln_45_-_FK_Lane_HS.jpg/1024px-75th_St-Elderts_Ln_45_-_FK_Lane_HS.jpg', 40.6931000, -73.8707000, 1, 74),
(215, 'Williamsburg Bridge', 'In The Amazing Spider-Man 2012 kämpft Spider-Man auf der Williamsburg Bridge gegen den Lizard und rettet ein Kind aus einem brennenden Auto.', 'Die Williamsburg Bridge ist eine große Hängebrücke, die Manhattan mit Brooklyn verbindet.', 'Williamsburg Bridge', '10002', 'New York', 'https://upload.wikimedia.org/wikipedia/commons/1/15/Williamsburg_Bridge_full.jpg', 40.7132000, -73.9712000, 1, 74),
(216, 'Times Square', 'In The Amazing Spider-Man 2 2014 ist der Times Square der Schauplatz des ersten großen Kampfes zwischen Spider-Man und Electro, der Chaos mit seiner Elektrizität verursacht.', 'Der Times Square ist eine der bekanntesten Sehenswürdigkeiten von New York City mit riesigen LED-Bildschirmen und Touristenmengen.', 'Times Square', '10036', 'New York', 'https://upload.wikimedia.org/wikipedia/commons/thumb/4/47/New_york_times_square-terabass.jpg/1200px-New_york_times_square-terabass.jpg', 40.7580000, -73.9855000, 1, 75),
(217, 'Death Valley National Park', 'Wurde in Star Wars: Episode IV - Eine neue Hoffnung als Teil von Tatooine genutzt, insbesondere für Szenen mit R2-D2 und C-3PO, die durch die Wüste wandern.', 'Ein riesiger Wüsten-Nationalpark in Kalifornien, bekannt für seine extremen Temperaturen und weitläufigen Sandlandschaften.', 'California', '92328', 'Death Valley', 'https://upload.wikimedia.org/wikipedia/commons/thumb/8/87/Mesquite_Sand_Dunes_in_Death_Valley.jpg/1200px-Mesquite_Sand_Dunes_in_Death_Valley.jpg', 36.5054000, -117.0794000, 1, 76),
(218, 'Tunisia - Chott el Jerid', 'Wurde in Star Wars: Episode IV - Eine neue Hoffnung als Tatooine verwendet, insbesondere für Lukes Heimat auf der Feuchtfarm der Familie Lars.', 'Ein ausgedehntes Salzseegebiet in Tunesien, das für seine einzigartige Landschaft und die rissigen weißen Salzflächen bekannt ist.', 'Chott el Jerid', '4170', 'Nefta', 'https://upload.wikimedia.org/wikipedia/commons/8/85/Chott_el_Djerid.JPG', 33.8415000, 8.4170000, 44, 76),
(219, 'Finse, Norwegen', 'Wurde in Star Wars: Episode V - Das Imperium schlägt zurück als der Eisplanet Hoth genutzt, insbesondere für die Kampfszenen der Rebellenbasis gegen die AT-ATs.', 'Ein kleines Bergdorf in Norwegen, bekannt für seine schneebedeckten Berge und eisige Landschaft.', 'Finse, Bergen Line', '5719', 'Finse', 'https://upload.wikimedia.org/wikipedia/commons/thumb/a/ac/FinseEdit.png/1200px-FinseEdit.png', 60.6013000, 7.5086000, 24, 77);
INSERT INTO `locations` (`id`, `location_name`, `film_description`, `real_description`, `street_address`, `postal_code`, `city`, `image_url`, `latitude`, `longitude`, `country_id`, `movie_id`) VALUES
(220, 'Redwood National Park', 'Wurde in Star Wars: Episode VI - Die Rückkehr der Jedi-Ritter als Endor genutzt, insbesondere für die Speeder-Bike-Verfolgung und die Ewok-Dörfer.', 'Ein Nationalpark in Kalifornien mit riesigen Mammutbäumen, der eine beeindruckende Naturkulisse bietet.', 'California', '95555', 'Redwood', 'https://upload.wikimedia.org/wikipedia/commons/thumb/d/de/Redwood_National_Park,_fog_in_the_forest.jpg/1200px-Redwood_National_Park,_fog_in_the_forest.jpg', 41.2132000, -124.0046000, 1, 78),
(221, 'Tikal National Park', 'Wurde in Star Wars: Episode IV - Eine neue Hoffnung als Rebellenbasis auf Yavin 4 genutzt, insbesondere für die ikonischen Aufnahmen der Basis kurz vor dem Angriff auf den Todesstern.', 'Eine berühmte Maya-Ruinenstätte in Guatemala, umgeben von tropischem Regenwald und beeindruckenden Tempelpyramiden.', 'Tikal, Petén', '17013', 'Tikal', 'https://upload.wikimedia.org/wikipedia/commons/c/c1/Tikalas.jpg', 17.2214000, -89.6237000, 53, 78),
(222, 'Dharavi Slum', 'Im Film Slumdog Millionär wird Dharavi als die Kindheitsumgebung von Jamal und Salim gezeigt, wo sie als Waisenkinder ums Überleben kämpfen.', 'Das größte Slumgebiet in Mumbai mit engen Gassen und einer lebendigen Gemeinschaft. Bekannt für seine Handwerksbetriebe und Märkte.', 'nan', '400017', 'Mumbai', 'https://upload.wikimedia.org/wikipedia/commons/d/d5/Mumbai_03-2016_52_Dharavi_near_Mahim_Junction.jpg', 19.0414000, 72.8507000, 13, 79),
(223, 'Juhu Beach', 'In Slumdog Millionär gibt es eine Szene, in der die jungen Jamal und Salim versuchen, Touristen am Juhu Beach als Führer Geld abzunehmen.', 'Einer der bekanntesten Strände Mumbais, beliebt bei Touristen und Einheimischen.', 'Juhu', '400049', 'Mumbai', 'https://upload.wikimedia.org/wikipedia/commons/9/9c/Juhu_Beach_in_Mumbai_15.jpg', 19.0880000, 72.8260000, 13, 79),
(224, 'Taj Mahal', 'In Slumdog Millionär reisen Jamal und Salim als junge Betrüger nach Agra und arbeiten als falsche Touristenführer am Taj Mahal.', 'Das berühmte Mausoleum in Agra, eines der sieben Weltwunder, erbaut von Shah Jahan für seine Frau Mumtaz Mahal.', 'Dharmapuri, Forest Colony', '282001', 'Agra', 'https://upload.wikimedia.org/wikipedia/commons/b/bd/Taj_Mahal,_Agra,_India_edit3.jpg', 27.1751000, 78.0421000, 13, 79),
(225, 'Marine Drive', 'In Slumdog Millionär gibt es eine Szene, in der Jamal auf den Straßen von Mumbai unterwegs ist, während er nach Latika sucht.', 'Eine ikonische Küstenstraße in Mumbai, bekannt für ihre Aussicht auf das Arabische Meer.', 'Marine Drive', '400020', 'Mumbai', 'https://upload.wikimedia.org/wikipedia/commons/a/a2/Marine_Drive,_Mumbai,_India.jpg', 18.9430000, 72.8230000, 13, 79),
(226, 'Schilthorn - Piz Gloria', 'In James Bond 007 - Im Geheimdienst Ihrer Majestät diente das Schilthorn als Hauptquartier von Blofelds Verbrecherorganisation, wo Bond undercover als Sir Hilary Bray agierte.', 'Ein atemberaubendes Bergrestaurant auf dem Gipfel des Schilthorn in der Schweiz mit Blick auf die Alpen. Bekannt für seine drehbare Plattform und spektakuläre Panoramaaussicht.', 'Schilthorn, Mürren', '3825', 'Lauterbrunnen', 'https://upload.wikimedia.org/wikipedia/commons/1/15/Schilthorn_Drohne_1787_2_1_print.jpg', 46.5577000, 7.8351000, 32, 80),
(227, 'Grandhotel Pupp', 'In James Bond 007 - Casino Royale wurde das Grandhotel Pupp als Kulisse für das berühmte Hotel Splendide genutzt, in dem Bond und Vesper Lynd während des Pokerturniers in Montenegro übernachteten.', 'Ein luxuriöses historisches Hotel in Karlovy Vary, Tschechien. Bekannt für seine prächtige Architektur und Eleganz, die an die glorreichen Zeiten europäischer Königshäuser erinnert.', 'Mírové náměstí 2', '360 01', 'Karlovy Vary', 'https://upload.wikimedia.org/wikipedia/commons/c/c6/Karlsbad_Grandhotel_Pupp.jpg', 50.2235000, 12.8827000, 20, 81),
(228, 'Villa del Balbianello', 'In James Bond 007 - Casino Royale wurde die Villa del Balbianello als Erholungsort für James Bond und Vesper Lynd nach dem dramatischen Pokerturnier in Montenegro genutzt.', 'Eine historische Villa am Comer See in Italien mit wunderschönen Terrassen und Gärten. Ein beliebter Drehort für Hollywood-Filme.', 'Via Guido Monzino, 1', '22016', 'Lenno', 'https://upload.wikimedia.org/wikipedia/commons/b/b8/Villa_Balbianello.jpg', 45.9666000, 9.2036000, 6, 81),
(229, 'Sölden - Ice Q Restaurant', 'In James Bond 007 - Spectre war das Ice Q Restaurant die Kulisse für die Hoffler Klinik, in der Bond Dr. Madeleine Swann traf, bevor er von Spectre-Agenten angegriffen wurde.', 'Ein futuristisches Bergrestaurant auf 3.048 Metern Höhe im Skigebiet von Sölden, Österreich. Bekannt für seine atemberaubende Glasarchitektur und Panoramablick auf die Alpen.', 'Gaislachkoglbahn, Sölden', '6450', 'Sölden', 'https://upload.wikimedia.org/wikipedia/commons/thumb/a/a5/Sölden_Restaurant_Ice_Q_am_Gaislachkogel,_2022.jpg/800px-Sölden_Restaurant_Ice_Q_am_Gaislachkogel,_2022.jpg?20220220115743', 46.9661000, 10.9847000, 33, 83),
(230, 'Civita di Bagnoregio', 'In James Bond 007 - Keine Zeit zu Sterben war Civita di Bagnoregio der romantische Rückzugsort von James Bond und Madeleine Swann, bevor er von seinen Feinden aufgespürt wurde.', 'Eine historische mittelalterliche Stadt auf einem Hügel in Italien, bekannt als \"die sterbende Stadt\" aufgrund ihrer Erosion und einzigartigen Lage.', 'Piazza San Donato', '1022', 'Civita di Bagnoregio', 'https://upload.wikimedia.org/wikipedia/commons/thumb/4/4a/Civita_(Bagnoregio)_-_Panorama.jpg/800px-Civita_(Bagnoregio)_-_Panorama.jpg', 42.6279000, 12.0906000, 6, 84),
(231, 'Eilean Donan Castle', 'In James Bond 007 - Die Welt ist nicht genug diente Eilean Donan Castle als Hauptquartier des MI6 in Schottland.', 'Eine mittelalterliche Burg auf einer kleinen Insel in Schottland, bekannt für ihre malerische Lage und oft als Filmkulisse genutzt.', 'Dornie', 'IV40 8DX', 'Highlands', 'https://upload.wikimedia.org/wikipedia/commons/6/67/Eilean_Donan_Castle,_Scotland_-_Jan_2011.jpg', 57.2734000, -5.5156000, 3, 85),
(232, 'Arecibo-Observatorium', 'In James Bond 007 - GoldenEye diente das Arecibo-Observatorium als geheimer Satellitenkontrollpunkt von Alec Trevelyan.', 'Eines der größten Radioteleskope der Welt, gelegen in Puerto Rico. Es wurde für zahlreiche wissenschaftliche Forschungen genutzt.', 'Esperanza Ward', '612', 'Arecibo', 'https://upload.wikimedia.org/wikipedia/commons/c/cd/Arecibo_Observatory_Aerial_View.jpg', 18.3442000, -66.7528000, 54, 86),
(233, 'Palácio Estoril', 'In James Bond 007 - Im Geheimdienst Ihrer Majestät übernachtete James Bond im Palácio Estoril, bevor er sich auf seine Mission vorbereitete.', 'Ein historisches Luxushotel an der Küste Portugals, das während des Zweiten Weltkriegs als Treffpunkt für Spione diente.', 'Rua Particular', '2769-504', 'Estoril', 'https://upload.wikimedia.org/wikipedia/commons/thumb/0/03/Front_of_the_Hotel_Palacio_in_Estoril.JPG/1200px-Front_of_the_Hotel_Palacio_in_Estoril.JPG', 38.7057000, -9.3977000, 34, 80),
(234, 'The Langham Hotel', 'In James Bond 007 - GoldenEye war The Langham Hotel der Treffpunkt zwischen James Bond und Valentin Zukovsky.', 'Eines der luxuriösesten Hotels in London mit klassischer viktorianischer Architektur und weltbekannter Eleganz.', '1c Portland Place', 'W1B 1JA', 'London', 'https://upload.wikimedia.org/wikipedia/commons/d/df/Langham_london.jpg', 51.5175000, -0.1444000, 3, 86),
(235, 'Pinewood Studios', 'In James Bond 007 - Mehrere Bond-Filme wurden hier gedreht, darunter die legendären Szenen aus dem MI6-Hauptquartier und Bonds Geheimmissionen.', 'Eines der berühmtesten Filmstudios der Welt, in dem zahlreiche Bond-Filme gedreht wurden.', 'Iver Heath', 'SL0 0NH', 'Buckinghamshire', 'https://upload.wikimedia.org/wikipedia/commons/3/38/Pinewood_Studios_gateway.jpg', 51.5485000, -0.5327000, 3, 80),
(236, 'Château de Chantilly', 'In James Bond 007 - Im Angesicht des Todes war Château de Chantilly der Wohnsitz von Max Zorin, Bonds Gegenspieler.', 'Ein prachtvolles französisches Schloss aus dem 16. Jahrhundert, bekannt für seine Kunstsammlung und beeindruckende Architektur.', 'nan', '60500', 'Chantilly', 'https://upload.wikimedia.org/wikipedia/commons/thumb/7/76/Chateau_de_Chantilly_garden.jpg/1200px-Chateau_de_Chantilly_garden.jpg', 49.1939000, 2.4853000, 4, 87),
(237, 'Himeji Castle', 'In James Bond 007 - Man lebt nur zweimal wurde Himeji Castle als geheime Ninja-Trainingsbasis von Tiger Tanaka genutzt.', 'Eine der bekanntesten Burgen Japans, berühmt für ihre elegante weiße Architektur und ihre historische Bedeutung.', '68 Honmachi', '670-0012', 'Himeji', 'https://upload.wikimedia.org/wikipedia/commons/c/c1/Himeji_castle_in_may_2015.jpg', 34.8394000, 134.6939000, 15, 88),
(238, 'Antony House', 'Antony House wurde in Alice im Wunderland (2010) als Kulisse für Alices Zuhause genutzt, bevor sie in das Wunderland fiel.', 'Ein historisches Herrenhaus in Cornwall, England. Es ist bekannt für seine beeindruckenden Gärten und Architektur aus dem 18. Jahrhundert.', 'Torpoint, Cornwall', 'PL11 2QA', 'Torpoint', 'https://upload.wikimedia.org/wikipedia/commons/thumb/8/83/Antony_House_-_panoramio.jpg/2560px-Antony_House_-_panoramio.jpg', 50.3893000, -4.2195000, 3, 89),
(239, 'Gloucester Docks', 'Die Gloucester Docks wurden in Alice im Wunderland (2010) für Szenen verwendet, die das viktorianische London darstellen, bevor Alice ins Wunderland gelangt.', 'Einer der ältesten Seehäfen Englands, der durch seine historischen Lagerhäuser und Wasserwege beeindruckt.', 'Gloucester, England', 'GL1 2EH', 'Gloucester', 'https://upload.wikimedia.org/wikipedia/commons/9/91/GlosDocks.jpg', 51.8642000, -2.2444000, 3, 89),
(240, 'Wilton House', 'Wilton House diente in Alice im Wunderland: Hinter den Spiegeln (2016) als Kulisse für viktorianische Ballsaalszenen, in denen Alice sich in der realen Welt bewegt.', 'Ein aristokratisches Herrenhaus in Wiltshire, England, bekannt für seine prunkvollen Innenräume und historischen Gärten.', 'Wilton, Salisbury', 'SP2 0BJ', 'Salisbury', 'https://upload.wikimedia.org/wikipedia/commons/7/75/Wilton_House_-_road_toward_the_front_entrance.jpg', 51.0803000, -1.8627000, 3, 90),
(241, 'Château de Chambord', 'In Die Schöne und das Biest (2017) diente das Château de Chambord als visuelle Inspiration für das Schloss des Biests.', 'Ein prächtiges Renaissance-Schloss in Frankreich, bekannt für seine aufwendige Architektur und Türme. Es ist eines der berühmtesten Schlösser der Welt.', 'Chambord, Loir-et-Cher', '41250', 'Chambord', 'https://upload.wikimedia.org/wikipedia/commons/thumb/7/72/Château_de_Chambord.jpg/1280px-Château_de_Chambord.jpg', 47.6166000, 1.1516700, 4, 91),
(242, 'Beuvron-en-Auge', 'In Die Schöne und das Biest (2017) war Beuvron-en-Auge eine Inspiration für Belles Heimatdorf.', 'Ein kleines, malerisches Dorf in der Normandie mit Fachwerkhäusern und Blumen geschmückten Gassen. Es gehört zu den schönsten Dörfern Frankreichs.', 'Beuvron-en-Auge, Calvados', '14430', 'Beuvron-en-Auge', 'https://upload.wikimedia.org/wikipedia/commons/3/39/Beuvron-en-Auge_plein.JPG', 49.2033000, 0.0436000, 4, 91),
(243, 'Roussillon', 'In Die Schöne und das Biest (2017) diente Roussillon als visuelle Inspiration für das farbenfrohe Dorf von Belle.', 'Ein charmantes französisches Dorf, bekannt für seine roten Ockerfelsen und seine warmen Farbtöne. Es liegt in der Provence und ist ein beliebtes Reiseziel.', 'Roussillon, Vaucluse', '84220', 'Roussillon', 'https://upload.wikimedia.org/wikipedia/commons/c/c7/Roussillon_(Vaucluse).JPG', 43.9004000, 5.2913000, 4, 91),
(244, 'Saint-Antoine-l’Abbaye', 'In Die Schöne und das Biest (2017) wurde Saint-Antoine-l’Abbaye als eine Kulisse für Belles Dorf verwendet.', 'Ein historisches Dorf in Frankreich, das für seine beeindruckende gotische Abtei und sein mittelalterliches Flair bekannt ist.', 'Saint-Antoine-l’Abbaye, Isère', '38160', 'Saint-Antoine-l’Abbaye', 'https://upload.wikimedia.org/wikipedia/commons/1/13/Hôtel_de_ville_de_Saint-Antoine-l%27Abbaye_38160_PA00117247_VAN_DEN_HENDE_ALAIN_CC-BY-SA-4_0_02050.JPG', 45.1516000, 5.2625000, 4, 91),
(245, 'Ashridge Estate', 'In Die Schöne und das Biest (2017) wurden hier mehrere Außenszenen des verwunschenen Waldes gefilmt.', 'Ein Naturschutzgebiet in England mit alten Wäldern und weitläufigen Landschaften. Es ist ein beliebter Drehort für Filme.', 'Berkhamsted, Hertfordshire', 'HP4 1LT', 'Berkhamsted', 'https://upload.wikimedia.org/wikipedia/commons/7/76/GOC_Berkhamsted_&_Frithsden_031_Ashridge_House,_Little_Gaddesden_(28454689336).jpg', 51.8116000, -0.5925000, 3, 91),
(246, 'Petworth House', 'In Maleficent – Die dunkle Fee (2014) wurde Petworth House als Inspiration für den Königspalast verwendet, in dem König Stefan herrscht.', 'Ein prächtiges Herrenhaus aus dem 17. Jahrhundert in England, umgeben von weitläufigen Gärten und Parklandschaften.', 'Petworth, West Sussex', 'GU28 0AE', 'Petworth', 'https://upload.wikimedia.org/wikipedia/commons/8/84/Petworth_House_from_the_west.jpg', 50.9876000, -0.6089000, 3, 92),
(247, 'Puzzlewood', 'In Maleficent – Die dunkle Fee (2014) wurde Puzzlewood für mehrere verwunschene Waldszenen genutzt, darunter auch Szenen, in denen Aurora durch die magische Welt von Maleficent wandert.', 'Ein verwunschener Wald in England, bekannt für seine märchenhafte Landschaft mit verschlungenen Wegen und Moos bedeckten Felsen.', 'Forest of Dean, Gloucestershire', 'GL16 8QB', 'Coleford', 'https://upload.wikimedia.org/wikipedia/commons/0/0e/Puzzlewood.jpg', 51.7845000, -2.6159000, 3, 92),
(248, 'Waddesdon Manor', 'Diente in Cinderella (2015) als Inspiration für das königliche Schloss des Prinzen.', 'Ein prachtvolles französisch inspiriertes Herrenhaus aus dem 19. Jahrhundert in England, umgeben von weitläufigen Gärten.', 'Buckinghamshire', 'HP18 0JH', 'Aylesbury', 'https://upload.wikimedia.org/wikipedia/commons/6/60/Waddesdon.JPG', 51.8428000, -0.9971000, 4, 93),
(249, 'Cliveden House', 'Wurde in Cinderella (2015) für verschiedene Außenszenen des königlichen Schlosses verwendet.', 'Ein historisches Landhaus in England mit prachtvollen Gärten und einer beeindruckenden Architektur.', 'Berkshire', 'SL6 0JF', 'Taplow', 'https://upload.wikimedia.org/wikipedia/commons/thumb/1/18/Cliveden,_June_2005.JPG/800px-Cliveden,_June_2005.JPG', 51.5576000, -0.6892000, 3, 93),
(250, 'Castle Combe', 'Diente in Cinderella (2015) als Drehort für das Heimatdorf von Ella.', 'Ein malerisches Dorf in England, bekannt für seine mittelalterliche Architektur und charmante Atmosphäre.', 'Castle Combe, Wiltshire', 'SN14 7HU', 'Castle Combe', 'https://upload.wikimedia.org/wikipedia/commons/3/3d/Castle_combe_river.jpg', 51.4911000, -2.2274000, 3, 93),
(251, 'Krakauer Altstadt', 'In Schindlers Liste wurde die Krakauer Altstadt für zahlreiche Straßenszenen genutzt, darunter die dramatische Deportation der jüdischen Bevölkerung.', 'Historische Altstadt von Krakau, Polen, mit gut erhaltenen Gebäuden aus verschiedenen Jahrhunderten.', 'Kraków Old Town', '31-000', 'Kraków', 'https://upload.wikimedia.org/wikipedia/commons/9/97/Krakau_altstadt.jpg', 50.0614000, 19.9372000, 52, 94),
(252, 'Kazimierz', 'In Schindlers Liste wurden viele Szenen der jüdischen Gemeinschaft hier gedreht, darunter das Leben vor der Deportation und die dramatische Zwangsräumung.', 'Eines der ältesten jüdischen Viertel Europas, heute ein lebendiges Kulturzentrum mit Synagogen und jüdischer Geschichte.', 'Kazimierz, Kraków', '31-060', 'Kraków', 'https://upload.wikimedia.org/wikipedia/commons/9/9b/Krakow_-_Bazylika_Bozego_Ciala_from_balloon.jpg', 50.0519000, 19.9449000, 52, 94),
(253, 'Schindler Fabrik - Museum', 'In Schindlers Liste wurde das Gelände genutzt, um die Szenen in Schindlers Fabrik darzustellen, wo hunderte Juden vor der Deportation gerettet wurden.', 'Ehemalige Emaillefabrik von Oskar Schindler, heute ein Museum über den Holocaust und die Rettung jüdischer Arbeiter.', 'Lipowa 4', '30-702', 'Kraków', 'https://upload.wikimedia.org/wikipedia/commons/thumb/b/b1/Oskar_Schindler_enamel_factory_in_Kraków.jpg/1024px-Oskar_Schindler_enamel_factory_in_Kraków.jpg', 50.0465000, 19.9610000, 52, 94),
(254, 'Wieliczka Salzmine', 'In Schindlers Liste diente die Wieliczka Salzmine als Kulisse für einige der Fabrikszenen, die das harte Arbeitsleben der jüdischen Arbeiter zeigten.', 'Historische Salzmine nahe Krakau mit beeindruckenden unterirdischen Kapellen und Gängen.', 'Danilowicza 10', '32-020', 'Wieliczka', 'https://upload.wikimedia.org/wikipedia/commons/8/80/Αλατωρυχεία_Βιελίτσκα_5021.jpg', 49.9793000, 20.0633000, 52, 94),
(255, 'Chippewa Square', 'In Forrest Gump wurde hier die ikonische Bankszene gedreht, in der Forrest auf einer Bank sitzt und seine Lebensgeschichte erzählt.', 'Ein historischer Platz in Savannah, Georgia, bekannt für seine klassischen Südstaaten-Architektur und die berühmte Bushaltestelle.', 'Savannah GA', '31401', 'Savannah', 'https://upload.wikimedia.org/wikipedia/commons/7/78/Chippewa_Square.jpg', 32.0789000, -81.0912000, 1, 95),
(256, 'Lincoln Memorial Reflecting Pool', 'In Forrest Gump läuft Forrest durch das Wasser des Lincoln Memorial Reflecting Pool, als er Jenny bei einer Protestveranstaltung wiedertrifft.', 'Ein großes Wasserbecken in Washington, D.C., das sich vor dem Lincoln Memorial erstreckt und oft als Symbol für historische Reden und Versammlungen dient.', '2 Lincoln Memorial Cir NW', '20002', 'Washington D.C.', 'https://upload.wikimedia.org/wikipedia/commons/9/9f/DC_monument_view_from_Lincoln_memorial.jpg', 38.8893000, -77.0496000, 1, 95),
(257, 'Blue Ridge Parkway', 'In Forrest Gump ist die Blue Ridge Parkway eine der Straßen, auf denen Forrest während seines ikonischen Langstreckenlaufs durch Amerika rennt.', 'Eine malerische Straße, die sich durch die Appalachen zieht und für ihre atemberaubenden Landschaften bekannt ist.', 'Blue Ridge Parkway', 'NC/VA', 'Appalachian Mountains', 'https://upload.wikimedia.org/wikipedia/commons/b/ba/Blue_Ridge_Parkway-27527.jpg', 36.8523000, -81.4392000, 1, 95),
(258, 'Monument Valley', 'In Forrest Gump läuft Forrest im Monument Valley, als er nach drei Jahren, zwei Monaten, 14 Tagen und 16 Stunden plötzlich aufhört zu rennen.', 'Ein berühmtes Tal mit markanten Sandsteinformationen im Südwesten der USA, oft in Westernfilmen zu sehen.', 'US-163 Scenic Drive', '84536', 'Mexican Hat', 'https://upload.wikimedia.org/wikipedia/commons/thumb/6/60/Forrest_Gump_Point_Monument_Valley_November_2018_001.jpg/2560px-Forrest_Gump_Point_Monument_Valley_November_2018_001.jpg', 37.0043000, -109.9002000, 1, 95),
(259, 'Marshall Point Lighthouse', 'In Forrest Gump erreicht Forrest beim Laufen die Ostküste am Marshall Point Lighthouse, bevor er sich umdreht und weiterläuft.', 'Ein historischer Leuchtturm an der Küste von Maine, bekannt für seine malerische Holzbrücke und atemberaubende Meeresblicke.', 'Marshall Point Rd', '4855', 'Port Clyde', 'https://upload.wikimedia.org/wikipedia/commons/4/47/Marshall_Point_Lighthouse_Side_Right.JPG', 43.9232000, -69.2570000, 1, 95),
(260, 'Felicity Plantation', 'Felicity Plantation wurde in 12 Years a Slave als eine der Plantagen genutzt, auf denen Solomon Northup als Sklave gehalten wurde. Viele harte Szenen auf den Baumwollfeldern wurden hier gedreht.', 'Eine historische Plantage in Louisiana, bekannt für ihre gut erhaltenen Herrenhäuser und Felder. Sie wurde für viele Filmproduktionen genutzt.', '3535 LA-18', '70090', 'Vacherie', 'https://upload.wikimedia.org/wikipedia/commons/6/67/FelecityWM.JPG', 29.9811000, -90.7039000, 1, 96),
(261, 'Magnolia Plantation', 'Magnolia Plantation diente in 12 Years a Slave als Drehort für Epps’ Plantage, wo Solomon Northup und andere Sklaven unter den grausamen Bedingungen von Edwin Epps arbeiteten.', 'Eine historische Plantage in Louisiana mit einer langen Geschichte, bekannt für ihre typischen Südstaaten-Gebäude und weitläufigen Felder.', '5487 US-71', '71457', 'Natchitoches', 'https://upload.wikimedia.org/wikipedia/commons/thumb/8/8e/House_at_Magnolia_Plantation.JPG/2560px-House_at_Magnolia_Plantation.JPG', 31.7004000, -93.0994000, 1, 96),
(262, 'Destrehan Plantation', 'Destrehan Plantation wurde in 12 Years a Slave für verschiedene Szenen verwendet, darunter für Gespräche zwischen Solomon Northup und Ford sowie für Darstellungen des Plantagenalltags.', 'Eine der ältesten Plantagen in Louisiana mit markanten französischen Kolonialbauten und historischer Bedeutung.', '13034 River Rd', '70047', 'Destrehan', 'https://upload.wikimedia.org/wikipedia/commons/thumb/1/13/Destrehan_Plantation.jpg/800px-Destrehan_Plantation.jpg', 29.9488000, -90.3642000, 1, 96),
(263, 'Madewood Plantation House', 'Madewood Plantation House wurde in 12 Years a Slave als eine der edleren Plantagen genutzt, wo Solomon Northup kurzzeitig bessere Bedingungen erlebte, bevor er an Epps verkauft wurde.', 'Ein historisches Herrenhaus aus dem 19. Jahrhundert in Louisiana, das als eines der schönsten erhaltenen Beispiele der griechischen Revival-Architektur gilt.', '4250 LA-308', '70301', 'Napoleonville', 'https://upload.wikimedia.org/wikipedia/commons/9/95/Madewood_house.jpg', 29.8693000, -90.9985000, 1, 96),
(264, 'Bourne Wood', 'In Thor (2011) wurde Bourne Wood als Schauplatz für die Schlacht in Jotunheim genutzt, als Thor und seine Gefährten gegen die Frostriesen kämpften.', 'Ein großes Waldgebiet in England, bekannt für seine malerische Landschaft und häufig als Filmkulisse genutzt.', 'Bourne Wood, Farnham', 'GU10 2BH', 'Surrey', 'https://upload.wikimedia.org/wikipedia/commons/8/8a/Bourne_Wood_hill_A.jpg', 51.1756000, -0.7916000, 3, 97),
(265, 'Stonehenge', 'In Thor The Dark World (2013) war Stonehenge der Ort, an dem Dr. Erik Selvig seine Experimente durchführte und nackt durch die Steine lief.', 'Ein berühmtes prähistorisches Monument in England mit gigantischen Steinformationen, das eine mystische Atmosphäre bietet.', 'Amesbury, Salisbury', 'SP4 7DE', 'Wiltshire', 'https://upload.wikimedia.org/wikipedia/commons/0/0f/Stonehenge,_Salisbury_retouched.jpg', 51.1789000, -1.8262000, 3, 98),
(266, 'Greenwich', 'In Thor The Dark World (2013) war Greenwich der Schauplatz der epischen Schlacht zwischen Thor und Malekith während der Konvergenz.', 'Ein Stadtteil Londons, bekannt für seine maritime Geschichte und das Royal Observatory.', 'Greenwich Park', 'SE10 8XJ', 'London', 'https://upload.wikimedia.org/wikipedia/commons/a/ac/312SFEC_LONDON-20070917.JPG', 51.4769000, -0.0005000, 3, 98),
(267, 'Brisbane, Queensland', 'In Thor Ragnarok (2017) wurde Brisbane als Kulisse für Szenen auf Sakaar genutzt, insbesondere für einige Straßenaufnahmen.', 'Eine der größten Städte Australiens mit einer beeindruckenden Skyline und sonnigem Klima.', 'Brisbane CBD', '4000', 'Brisbane', 'https://upload.wikimedia.org/wikipedia/commons/0/02/Brisbane_May_2013.jpg', -27.4698000, 153.0251000, 8, 99),
(268, 'Skogafoss', 'In Thor Ragnarok (2017) war Skogafoss der Ort, an dem Odin seine letzten Worte an Thor und Loki richtete, bevor er sich auflöste.', 'Ein beeindruckender Wasserfall in Island mit einer Höhe von 60 Metern, umgeben von grünen Hügeln.', 'Skogafoss', '861', 'Skogar', 'https://upload.wikimedia.org/wikipedia/commons/thumb/f/f7/Skogafoss_from_below.JPG/1200px-Skogafoss_from_below.JPG', 63.5321000, -19.5116000, 27, 99),
(269, 'Puente de la Reina', 'In Thor (2011) wurde Puente de la Reina als Teil von Asgard verwendet, insbesondere für Szenen, die die majestätische Stadt zeigten.', 'Eine mittelalterliche Brücke in Spanien, bekannt für ihre beeindruckende Architektur und historische Bedeutung.', 'Puente de la Reina', '31100', 'Navarra', 'https://upload.wikimedia.org/wikipedia/commons/thumb/6/60/Puente_la_Reina.jpg/800px-Puente_la_Reina.jpg', 42.6728000, -1.8162000, 7, 97),
(270, 'Dettifoss', 'In Thor (2011) diente Dettifoss als Kulisse für Jötunheim, die frostige Heimat der Frostriesen, wo Thor und seine Gefährten kämpften.', 'Der mächtigste Wasserfall Islands mit enormen Wassermassen und dramatischer Landschaft.', 'Dettifoss, Vatnajökull Nationalpark', '660', 'Nordisland', 'https://upload.wikimedia.org/wikipedia/commons/thumb/f/fa/Dettifoss_001.jpg/1200px-Dettifoss_001.jpg', 65.8146000, -16.3846000, 27, 97),
(271, 'Landmannalaugar', 'In Thor The Dark World (2013) wurde Landmannalaugar als Svartalfheim genutzt, die dunkle und karge Welt der Dunkelelfen unter Malekith.', 'Ein farbenfrohes Geothermalgebiet in Island mit beeindruckenden Bergen und heißen Quellen.', 'Landmannalaugar, Hochland', '851', 'Südisland', 'https://upload.wikimedia.org/wikipedia/commons/a/ad/Landmannalaugar_Iceland_2005_2.JPG', 63.9906000, -19.0625000, 27, 98),
(272, 'Wadi Rum', 'In Thor Ragnarok (2017) war Wadi Rum die Kulisse für Sakaar, den wilden Planeten, auf dem Thor gefangen genommen und zum Gladiatorenkampf gezwungen wird.', 'Eine riesige Wüste in Jordanien, oft als Filmkulisse für außerirdische Landschaften genutzt.', 'Wadi Rum', '77110', 'Aqaba', 'https://upload.wikimedia.org/wikipedia/commons/d/df/Wadi_Rum_BW_13.JPG', 29.5767000, 35.4194000, 42, 99),
(273, 'Milford Sound', 'In Thor Ragnarok (2017) wurde Milford Sound für einige Landschaftsaufnahmen von Asgard verwendet, bevor es von Surtur zerstört wurde.', 'Ein spektakulärer Fjord in Neuseeland mit steilen Bergen und kristallklarem Wasser.', 'Milford Sound', '9679', 'Milford Sound', 'https://upload.wikimedia.org/wikipedia/commons/thumb/6/6e/Milford_Sound_New_Zealand._(16508409635).jpg/1200px-Milford_Sound_New_Zealand._(16508409635).jpg', -44.6704000, 167.9250000, 9, 99),
(274, 'Iguazu-Wasserfälle', 'In Black Panther (2018) dienten die Iguazu-Wasserfälle als Inspiration für die Krönungszeremonie in Wakanda, wo T’Challa in einem rituellen Kampf gegen M’Baku antritt.', 'Die Iguazu-Wasserfälle sind eines der größten Wasserfallsysteme der Welt und liegen an der Grenze zwischen Brasilien und Argentinien.', 'Iguazu National Park', '3370', 'Puerto Iguazu', 'https://upload.wikimedia.org/wikipedia/commons/d/d1/Iguazu_National_Park_Falls.jpg', -25.6953000, -54.4367000, 12, 100),
(275, 'Oribi Gorge', 'In Black Panther (2018) wurde Oribi Gorge als eine der Hauptlandschaften von Wakanda genutzt, insbesondere für die Szenen rund um den Wasserfall-Kampfort.', 'Oribi Gorge ist eine spektakuläre Schlucht in Südafrika mit tiefen Canyons und atemberaubenden Klippen.', 'Oribi Gorge Nature Reserve', '4275', 'KwaZulu-Natal', 'https://upload.wikimedia.org/wikipedia/commons/5/59/Oribi_gorge.jpg', -30.7000000, 30.2667000, 10, 100),
(276, 'Atlanta City Hall', 'In Black Panther (2018) wurde Atlanta City Hall als Kulisse für das Gebäude genutzt, in dem Erik Killmonger seinen Anspruch auf den Thron Wakandas anmeldet.', 'Das Rathaus von Atlanta ist ein beeindruckendes Gebäude mit neoklassischer Architektur, das oft für Filmaufnahmen genutzt wird.', '55 Trinity Ave SW', '30303', 'Atlanta', 'https://upload.wikimedia.org/wikipedia/commons/thumb/9/90/Atlanta_City_Hall,_Atlanta,_GA_(47474768451).jpg/2560px-Atlanta_City_Hall,_Atlanta,_GA_(47474768451).jpg', 33.7490000, -84.3880000, 1, 100),
(277, 'High Museum of Art', 'In Black Panther (2018) wurde das High Museum of Art als Londoner Museum dargestellt, in dem Erik Killmonger ein seltenes Wakanda-Artefakt stiehlt.', 'Das High Museum of Art ist eines der führenden Kunstmuseen in den USA, bekannt für seine moderne Architektur.', '1280 Peachtree St NE', '30309', 'Atlanta', 'https://upload.wikimedia.org/wikipedia/commons/c/cc/10_The_High.jpg', 33.7901000, -84.3857000, 1, 100),
(278, 'Mirabellgarten', 'In The Sound of Music wird der Mirabellgarten in der Szene von Do-Re-Mi verwendet, als Maria und die Kinder die berühmte Treppe hinuntertanzen.', 'Ein wunderschöner Barockgarten in Salzburg, berühmt für seine Skulpturen, Blumenbeete und die große Treppe.', 'Mirabellplatz', '5020', 'Salzburg', 'https://upload.wikimedia.org/wikipedia/commons/thumb/0/09/Hohensalzburg_-_panoramio.jpg/2560px-Hohensalzburg_-_panoramio.jpg', 47.8055000, 13.0410000, 33, 101),
(279, 'Schloss Leopoldskron', 'In The Sound of Music diente Schloss Leopoldskron als Kulisse für die Außenseiten der von Trapp Villa, besonders in den Szenen am See.', 'Ein prächtiges Barockschloss in Salzburg, das für seine malerische Lage am Leopoldskroner Weiher bekannt ist.', 'Leopoldskronstraße 56-58', '5020', 'Salzburg', 'https://upload.wikimedia.org/wikipedia/commons/thumb/0/0f/Leopoldskron.jpg/1200px-Leopoldskron.jpg', 47.7889000, 13.0406000, 33, 101),
(280, 'Schloss Hellbrunn', 'In The Sound of Music ist Schloss Hellbrunn durch den Pavillon bekannt, in dem Liesl und Rolf das Lied Sixteen Going on Seventeen singen.', 'Ein historisches Lustschloss mit berühmten Wasserspielen, das südlich von Salzburg liegt.', 'Fürstenweg 37', '5020', 'Salzburg', 'https://upload.wikimedia.org/wikipedia/commons/4/4c/Fassade_Schloss_Hellbrunn.JPG', 47.7633000, 13.0558000, 33, 101),
(281, 'Stift Nonnberg', 'In The Sound of Music ist Stift Nonnberg das echte Kloster, in dem Maria als Nonne lebt, bevor sie zur Familie von Trapp kommt.', 'Ein Benediktinerkloster in Salzburg, das für seine lange Geschichte und beeindruckende Architektur bekannt ist.', 'Nonnberggasse 2', '5020', 'Salzburg', 'https://upload.wikimedia.org/wikipedia/commons/9/9a/2163_-_Salzburg_-_Stift_Nonnberg.JPG', 47.7963000, 13.0532000, 33, 101),
(282, 'Residenzplatz', 'In The Sound of Music läuft Maria über den Residenzplatz und singt den Song I Have Confidence, als sie sich auf den Weg zur von Trapp Villa macht.', 'Ein zentraler Platz in Salzburg mit historischen Gebäuden, der als beliebter Treffpunkt gilt.', 'Residenzplatz', '5020', 'Salzburg', 'https://upload.wikimedia.org/wikipedia/commons/thumb/e/e1/Residenzplatz_mit_Marienbrunnen_(Passau)_b.jpg/1200px-Residenzplatz_mit_Marienbrunnen_(Passau)_b.jpg', 47.7985000, 13.0466000, 33, 101),
(283, 'Mondsee Basilika', 'In The Sound of Music ist die Mondsee Basilika der Ort, an dem Maria und Kapitän von Trapp ihre Hochzeit feiern.', 'Eine wunderschöne barocke Kirche in Mondsee, bekannt für ihre beeindruckende Architektur.', 'Kirchengasse 1', '5310', 'Mondsee', 'https://upload.wikimedia.org/wikipedia/commons/thumb/e/e8/Mondsee_-_Basilika_(1).JPG/1200px-Mondsee_-_Basilika_(1).JPG', 47.8550000, 13.3497000, 33, 101),
(284, 'Salisbury Plain', 'Wurde in 1917 für die Schützengraben-Szenen genutzt, in denen die Soldaten durch das Niemandsland laufen.', 'Ein riesiges, offenes Landschaftsgebiet in Wiltshire, England. Bekannt für seine Grasflächen und als Trainingsgelände des britischen Militärs.', 'Salisbury Plain', 'SP3', 'Wiltshire', 'https://upload.wikimedia.org/wikipedia/commons/1/11/View_from_Walbury_Hill.jpg', 51.1789000, -1.8262000, 3, 102),
(285, 'Govan Graving Docks', 'Diente in 1917 als Kulisse für die brennende Stadt Écoust-Saint-Mein, durch die der Protagonist in der Nacht flieht.', 'Historische Schiffswerften in Glasgow, Schottland, die einst für den Bau und die Reparatur von Schiffen genutzt wurden.', 'Govan Road', 'G51 1HH', 'Glasgow', 'https://upload.wikimedia.org/wikipedia/commons/thumb/4/44/016_Govan_Docks_(5143346967).jpg/640px-016_Govan_Docks_(5143346967).jpg', 55.8550000, -4.3094000, 3, 102),
(286, 'Low Force Waterfall', 'Wurde in 1917 für die Szene genutzt, in der der Protagonist sich nach einem Angriff in den Fluss stürzt und den Wasserfall hinuntergetrieben wird.', 'Ein kleiner, malerischer Wasserfall im North Pennines Gebiet, England. Bekannt für seine natürliche Schönheit und Wanderwege.', 'Forest-in-Teesdale, Barnard Castle', 'DL12 0XF', 'Durham', 'https://upload.wikimedia.org/wikipedia/commons/thumb/0/0f/Low-Force-Waterfall-Teesdale-Steven-Iceton.jpg/640px-Low-Force-Waterfall-Teesdale-Steven-Iceton.jpg', 54.6335000, -2.1805000, 3, 102),
(287, 'Kolosseum von Rom', 'Das historische Amphitheater in Rom, das einst für Gladiatorenkämpfe und öffentliche Spektakel genutzt wurde.', 'Wurde in Gladiator als das zentrale Kampfareal genutzt, wo Maximus gegen andere Gladiatoren und sogar gegen Kaiser Commodus kämpfte.', 'Piazza del Colosseo, 1', '184', 'Rom', 'https://upload.wikimedia.org/wikipedia/commons/a/af/Colosseum_Colosseo_Coliseum_(8082864097).jpg', 41.8904418, 12.4921343, 6, 20),
(288, 'Terrapille Farmhouse', 'Ein wunderschönes Agriturismo-Bauernhaus in der Toskana, mit Blick auf die sanften Hügel des Val d’Orcia. Bekannt für seine malerischen Weizenfelder.', 'Diente in Gladiator als das Heimatdorf von Maximus. Die legendäre Szene, in der er mit der Hand durch die Weizenfelder streicht, wurde hier gedreht.', 'Podere Terrapille, 80', '53026', 'Pienza', 'https://upload.wikimedia.org/wikipedia/commons/thumb/6/60/Pienza,_Podere_Terrapille_(41775175370).jpg/1599px-Pienza,_Podere_Terrapille_(41775175370).jpg', 43.0658197, 11.6652012, 6, 20),
(289, 'Universal Studios Courthouse Square', 'Diente in Zurück in die Zukunft als Rathaus von Hill Valley mit der ikonischen Uhr, an der der Blitz einschlägt.', 'Eine berühmte Filmkulisse in den Universal Studios Hollywood, Kalifornien. Sie wurde für zahlreiche Filme und Serien genutzt.', '100 Universal City Plaza', '91602', 'Universal City', 'https://upload.wikimedia.org/wikipedia/commons/thumb/d/d1/Universal_Studios_Lot_(2).jpg/2560px-Universal_Studios_Lot_(2).jpg', 34.1415444, -118.3498290, 1, 21),
(290, 'Puente Hills Mall', 'Diente in Zurück in die Zukunft als Twin Pines Mall (später Lone Pine Mall), wo Doc Brown die Zeitmaschine testet.', 'Einkaufszentrum in Kalifornien, bekannt als Drehort für die legendäre Szene mit dem DeLorean.', '1600 S Azusa Ave', '91748', 'City of Industry', 'https://upload.wikimedia.org/wikipedia/commons/3/3f/PuenteHillsMall.jpg', 33.9938519, -117.9285544, 1, 21),
(291, 'Gamble House', 'Diente in Zurück in die Zukunft als Doc Browns Haus, wo er Marty den DeLorean zeigt.', 'Historisches Haus im Craftsman-Stil in Pasadena, Kalifornien. Heute ein Museum.', '4 Westmoreland Pl', '91103', 'Pasadena', 'https://upload.wikimedia.org/wikipedia/commons/6/61/Gamble_House.jpg', 34.1518377, -118.1609195, 1, 21),
(292, 'Whittier High School', 'Diente in Zurück in die Zukunft als Hill Valley High School, wo Marty seinen Vater George trifft.', 'Echte Highschool in Kalifornien, die in vielen Filmen als Kulisse diente.', '12417 Philadelphia St', '90601', 'Whittier', 'https://imagescdn.homes.com/i2/yjgQozS0uDFsUhCDRQyEQ93amFP18oGPltK4X-8ODXg/117/whittier-high-school-whittier-ca-primaryphoto.jpg?p=1', 33.9805908, -118.0441924, 1, 21),
(293, 'Mt. Hollywood Tunnel', 'Diente in Zurück in die Zukunft 2 als der Tunnel, in dem Marty Biff’s gestohlenen Almanach zurückholen muss.', 'Ein bekannter Tunnel in Los Angeles, der in vielen Filmen als Kulisse diente.', 'Mt Hollywood Dr', '90027', 'Los Angeles', 'https://img.atlasobscura.com/OZI8EGmI9oy5rDYZTiKBN5WwRJ7pnjNm8IWkUTcSGxY/rt:fit/w:1200/q:80/sm:1/scp:1/ar:1/aHR0cHM6Ly9hdGxh/cy1kZXYuczMuYW1h/em9uYXdzLmNvbS91/cGxvYWRzL3BsYWNl/X2ltYWdlcy81YmZl/MzFiOS0wOGUwLTRj/YjEtYTAwMi1kNWM1/NjczYzg0ZTlkYjY4/ZmQ4ZWY3ZTFlZjEz/MGZfQjJFRjU0RkYt/OTZENS00RkJCLUFC/MUEtMjUyMEQ4QUMy/MjVDLmpwZWc.webp', 34.1238694, -118.3002585, 1, 22),
(299, 'St George\'s Hall', 'Diente in Phantastische Tierwesen und wo sie zu finden sind als Kulisse für das Magische Kongressgebäude der Vereinigten Staaten (MACUSA), wo Präsidentin Seraphina Picquery regierte.', 'Ein beeindruckendes neoklassisches Gebäude in Liverpool, das oft für Filmproduktionen genutzt wird.', 'St George\'s Pl', 'L1 1JJ', 'Liverpool', 'https://upload.wikimedia.org/wikipedia/commons/thumb/c/c3/St_George\'s_Hall,_Liverpool_(2023)_(2).jpg/2880px-St_George\'s_Hall,_Liverpool_(2023)_(2).jpg', 53.4081702, -2.9803651, 3, 9),
(300, 'St. Andrew\'s School', 'Die Schule diente als Hauptdrehort für die fiktive Welton Academy, an der Mr. Keating unterrichtet und die Schüler das \"Club der toten Dichter\"-Geheimtreffen abhalten.', 'Eine private Internatsschule in Middletown, Delaware, die 1929 gegründet wurde. Sie hat eine eindrucksvolle Architektur und einen großen See auf dem Campus.', '350 Noxontown Rd', '19709', 'Middletown', 'https://upload.wikimedia.org/wikipedia/commons/thumb/2/2c/St._Andrew\'s_School_Delaware_Front_Lawn.jpg/2880px-St._Andrew\'s_School_Delaware_Front_Lawn.jpg', 42.7445119, -75.1615223, 1, 10),
(301, 'Everett Theatre', 'Hier wurde die entscheidende Szene aus \"Club der toten Dichter\" gedreht, in der Neil Perry in Shakespeares \"Ein Sommernachtstraum\" als Puck auftritt.', 'Ein historisches Theater in Middletown, Delaware, das seit 1922 besteht und für klassische Theaterstücke bekannt ist.', '47 W Main St', '19709', 'Middletown', 'https://www.timechambers.com/assets/images/i0f6874-75-76-77-78-79-80-2000x1332-800x533.jpg', 39.4498564, -75.7181255, 1, 10),
(302, 'Griffith Observatory', 'Drehort für Mias und Sebastians magischen Tanz unter den Sternen in La La Land. Hier entsteht ihre romantische Verbindung.', 'Eines der berühmtesten Wahrzeichen von Los Angeles mit Panoramablick auf die Stadt und das Hollywood Sign.', '2800 E Observatory Rd', '90027', 'Los Angeles', 'https://upload.wikimedia.org/wikipedia/commons/thumb/0/02/Griffith_Observatory_on_the_south-facing_slope_of_Mount_Hollywood_in_L.A.\'s_Griffith_Park_(LC-DIG-highsm-_22255).tif/lossy-page1-800px-Griffith_Observatory_on_the_south-facing_slope_of_Mount_Hollywood_in_L.A.\'s_Griffith_Park_(LC-DIG-highsm-_22255).tif.jpg', 34.1186472, -118.3004257, 1, 11),
(303, 'Angels Flight Railway', 'Hier fahren Mia und Sebastian in La La Land nach einem Date mit der berühmten roten Bahn den Hügel hinauf.', 'Historische Standseilbahn in Downtown LA, die einst als Transportmittel diente und heute eine Touristenattraktion ist.', '351 S Hill St', '90013', 'Los Angeles', 'https://upload.wikimedia.org/wikipedia/commons/4/4c/Angels_Flight_after_reopening_in_September_2017.jpg', 34.0517685, -118.2505391, 1, 11),
(304, 'Colorado Street Bridge', 'In La La Land spazieren die beiden Hauptcharaktere Mia und Sebastian hier entlang und singen \"A Lovely Night\".', 'Eine ikonische Brücke in Pasadena, bekannt für ihre Bögen und klassische Architektur.', '504 W Colorado Blvd', '91105', 'Pasadena', 'https://upload.wikimedia.org/wikipedia/commons/b/b0/Pasadena_Colorado_Street_Bridge_2005.jpg', 34.1447927, -118.1645672, 1, 11),
(305, 'Hermosa Beach Pier', 'Hier spielt Sebastian in La La Land auf dem Pier Klavier, während Mia vorbeigeht – eine ikonische Szene.', 'Ein schöner Pier am Pazifik mit Blick auf den Ozean und eine lebendige Musikszene.', '1 Pier Ave', '90254', 'Hermosa Beach', 'https://upload.wikimedia.org/wikipedia/commons/8/86/Hermosa_Beach_Pier_I_(262176665).jpeg', 33.8613929, -118.4055533, 1, 11),
(306, 'Lighthouse Cafe', 'In La La Land ist es Sebastians Lieblings-Jazzclub, wo er Mia seine Leidenschaft für Jazz näherbringt.', 'Eine legendäre Jazzbar in Hermosa Beach, bekannt für ihre Live-Musik und historischen Jazz-Konzerte.', '30 Pier Ave', '90254', 'Hermosa Beach', 'https://upload.wikimedia.org/wikipedia/commons/3/3f/Thelighthousecafebackside.jpg', 33.8620116, -118.4009645, 1, 11),
(307, 'Paddington Station', 'In Paddington kommt der kleine Bär aus Peru an diesem Bahnhof an, wo er auf Familie Brown trifft.', 'Ein berühmter Bahnhof in London, bekannt als Namensgeber für den Paddington-Bären.', 'Praed St', 'W2 1HU', 'London', 'https://upload.wikimedia.org/wikipedia/commons/7/74/Paddington_Station.jpg', 51.5167765, -0.1769735, 3, 13),
(308, 'Natural History Museum', 'In Paddington 2 führt eine abenteuerliche Verfolgungsjagd durch dieses Museum, als Paddington nach dem gestohlenen Buch sucht.', 'Ein berühmtes Museum in London mit Dinosaurierskeletten und beeindruckender Architektur.', 'Cromwell Rd', 'SW7 5BD', 'London', 'https://upload.wikimedia.org/wikipedia/commons/thumb/e/e9/Natural_History_Museum_London_Central_Hall_2020_02.jpg/640px-Natural_History_Museum_London_Central_Hall_2020_02.jpg', 51.5647860, -0.1629707, 3, 14),
(309, 'St. Paul\'s Cathedral', 'In Paddington 2 rennt der kleine Bär auf der Flucht vor der Polizei an dieser berühmten Kathedrale vorbei.', 'Eine ikonische Kathedrale in London mit einer riesigen Kuppel.', 'St. Paul\'s Churchyard', 'EC4M 8AD', 'London', 'https://upload.wikimedia.org/wikipedia/commons/c/cb/St_Pauls_aerial_(cropped).jpg', 51.5140255, -0.0983613, 3, 14),
(310, 'Tower Bridge', 'In Paddington 2 führt eine dramatische Szene den kleinen Bären mit einem Boot unter der Tower Bridge hindurch.', 'Eine berühmte Klappbrücke über die Themse in London.', 'Tower Bridge Rd', 'SE1 2UP', 'London', 'https://upload.wikimedia.org/wikipedia/commons/thumb/6/63/Tower_Bridge_from_Shad_Thames.jpg/1024px-Tower_Bridge_from_Shad_Thames.jpg', 51.5056100, -0.0753565, 3, 14),
(311, 'Lancaster Road, Notting Hill', 'In Paddington befindet sich hier das Zuhause der Familie Brown, in dem Paddington lebt.', 'Eine farbenfrohe Straße in Notting Hill, bekannt für ihre bunten Häuserfassaden.', '30 Lancaster Road', 'W11 1QP', 'London', 'https://upload.wikimedia.org/wikipedia/commons/thumb/5/51/Notting_hill_colorful_houses.jpg/2560px-Notting_hill_colorful_houses.jpg', 51.5171867, -0.2086833, 3, 13),
(312, 'Hay\'s Galleria', 'In Paddington versucht sich der kleine Bär als Fensterputzer, was in einem großen Chaos endet.', 'Eine Einkaufspassage mit Glasdach an der Themse, direkt neben London Bridge.', '1 Battle Bridge Ln', 'SE1 2HD', 'London', 'https://upload.wikimedia.org/wikipedia/commons/5/57/Hays_galleria.JPG', 51.5058546, -0.0834008, 3, 13),
(313, 'Little Venice', 'In Paddington 2 schippert der kleine Bär mit einem Boot durch die Kanäle, während er nach dem geheimnisvollen Buch sucht.', 'Ein malerisches Viertel in London mit vielen Kanälen und Booten.', 'None or N/A', 'W9', 'London', 'https://upload.wikimedia.org/wikipedia/commons/3/34/Little_Venice_in_March.jpg', 51.5232402, -0.1832322, 3, 14),
(314, 'The Shard', 'In Paddington 2 wird dieses Gebäude kurz in einer Szene gezeigt, als der kleine Bär London erkundet.', 'Das höchste Gebäude in London mit einer atemberaubenden Aussichtsplattform.', '32 London Bridge St', 'SE1 9SG', 'London', 'https://upload.wikimedia.org/wikipedia/commons/thumb/0/07/The_Shard_from_the_Sky_Garden_2015.jpg/800px-The_Shard_from_the_Sky_Garden_2015.jpg', 51.5046602, -0.0865644, 3, 14),
(315, 'Somerset House', 'In Paddington 2 findet in diesem Gebäude ein glamouröser Ball statt, bei dem wichtige Hinweise entdeckt werden.', 'Ein beeindruckendes Gebäude mit einem Innenhof, das oft für Filme genutzt wird.', 'Strand', 'WC2R 1LA', 'London', 'https://upload.wikimedia.org/wikipedia/commons/thumb/3/36/London_Somerset_House_01.jpg/640px-London_Somerset_House_01.jpg', 51.5112459, -0.1170944, 3, 14),
(316, 'Cathy\'s Corner', 'Hier tanzen Mia und Sebastian während \"A Lovely Night\" in La La Land mit Blick auf die funkelnden Lichter von LA.', 'Eine malerische Bergstraße mit Blick auf das San Fernando Valley, perfekt für Sonnenuntergänge.', 'Mt Hollywood Dr', '90027', 'Los Angeles', 'https://filmoblivion.com/wp-content/uploads/2017/12/lalaland6.jpg', 34.1394177, -118.3081218, 1, 11),
(317, 'Grand Central Market', 'In La La Land haben die beiden Hauptcharaktere Mia und Sebastian hier ihr süßes Date, wo sie sich durch verschiedene Essensstände probieren.', 'Ein historischer Food-Markt in Downtown LA mit vielen internationalen Essensständen.', '317 S Broadway', 'CA 90013', 'Los Angeles', 'https://upload.wikimedia.org/wikipedia/commons/b/bc/Grand_Central_Market,_Los_Angeles,_Interior_view_20110807_1.jpg', 35.9228975, -118.9521824, 1, 11),
(318, 'Orpheum Theatre', 'Hier findet in La La Land Mias großer Durchbruch statt, als sie ihr Solo-Vorsingen für eine Hollywood-Produktion hat.', 'Eines der bekanntesten historischen Theater in Downtown LA, oft für Premieren genutzt.', '842 S Broadway', '90014', 'Los Angeles', 'https://upload.wikimedia.org/wikipedia/commons/a/ab/Orpheum_Theatre_Vancouver_View_Of_Stage.jpg', 34.0429736, -118.2554523, 1, 11),
(319, 'Warner Brothers Studio Backlot', 'Mia arbeitet in La La Land hier als Barista, während sie auf ihre Schauspielkarriere hofft.', 'Eines der bekanntesten Filmstudios in Burbank, Kalifornien, wo viele Hollywood-Klassiker gedreht wurden.', '3400 Warner Blvd', '91505', 'Burbank', 'https://s34366.pcdn.co/wp-content/uploads/2017/11/NYSt-1024x684.jpg', 34.1488219, -118.3386107, 1, 11),
(320, 'Watts Towers', 'Einer der Orte, die Mia und Sebastian in La La Land während ihrer romantischen LA-Erkundungstour besuchen.', 'Eine beeindruckende Kunstinstallation aus Metall und Mosaik in Los Angeles.', '1765 E. 107th St', '90002', 'Los Angeles', 'https://upload.wikimedia.org/wikipedia/commons/2/23/Watts-towers.jpg', 33.9390685, -118.2419301, 1, 11),
(321, 'Café des Deux Moulins', 'Diente als Arbeitsplatz von Amélie Poulain, wo sie als Kellnerin arbeitet und ihre geheimen Pläne schmiedet.', 'Ein charmantes Pariser Café im Viertel Montmartre, bekannt für seine Art-Déco-Inneneinrichtung.', '15 Rue Lepic', '75018', 'Paris', 'https://upload.wikimedia.org/wikipedia/commons/thumb/c/c8/Cafe_des_2_Moulins,_Paris_24_August_2019.jpg/800px-Cafe_des_2_Moulins,_Paris_24_August_2019.jpg', 48.8849973, 2.3336349, 4, 12),
(322, 'Canal Saint-Martin', 'In die fabelhafte Welt der Amélie liebt es Amélie, am Kanal Steine über das Wasser springen zu lassen, während sie über das Leben nachdenkt.', 'Ein malerischer Kanal mit grünen Uferwegen und romantischen Brücken in Paris.', 'Quai de Jemmapes', '75010', 'Paris', 'https://upload.wikimedia.org/wikipedia/commons/d/d7/P1040722_Paris_X_canal_Saint-Martin_quai_de_Jemmapes_quai_de_Valmy.jpg', 48.8701482, 2.3671675, 4, 12),
(323, 'Basilika Sacré-Cœur', 'In die fabelhafte Welt der Amélie hinterlässt Amélie hier Hinweise für Nino, um ein romantisches Katz-und-Maus-Spiel mit ihm zu spielen.', 'Eine berühmte Basilika auf dem Hügel Montmartre mit atemberaubender Aussicht über Paris.', '35 Rue du Chevalier de la Barre', '75018', 'Paris', 'https://upload.wikimedia.org/wikipedia/commons/thumb/8/8a/Paris_Sacre_Coeur_BW_1.jpg/1200px-Paris_Sacre_Coeur_BW_1.jpg', 48.8877205, 2.3428468, 4, 12),
(324, 'Pont des Arts', 'Amélie gibt Nino hier den letzten Hinweis, um ihre Liebe zu finden.', 'Eine der romantischsten Brücken von Paris, bekannt für Liebesschlösser und schöne Ausblicke.', 'Pont des Arts', '75006', 'Paris', 'https://upload.wikimedia.org/wikipedia/commons/thumb/1/10/Paris_Pont_des_Arts.jpg/2880px-Paris_Pont_des_Arts.jpg', 48.8584765, 2.3374977, 4, 12),
(325, '280 Westbourne Park Road', 'Diente als Zuhause von William Thacker in Notting Hill.', 'Das berühmte blaue Haus aus Notting Hill, in dem William Thacker (Hugh Grant) lebte. Heute ein privates Wohnhaus.', '280 Westbourne Park Rd', 'W11 1EH', 'London', 'https://filmoblivion.com/wp-content/uploads/2023/10/nottinghill4.jpg', 51.5169107, -0.2059213, 3, 15),
(326, 'The Notting Hill Bookshop', 'Inspirierte die berühmte Buchhandlung von William Thacker in Notting Hill, wo er zum ersten Mal auf Anna Scott trifft.', 'Ein kleiner, echter Buchladen in Notting Hill, der als Inspiration für den Film diente.', '13 Blenheim Cres', 'W11 2EE', 'London', 'https://upload.wikimedia.org/wikipedia/commons/thumb/3/32/Travel_bookshop.jpg/527px-Travel_bookshop.jpg', 51.5158658, -0.2055339, 3, 15),
(327, 'The Ritz Hotel London', 'Diente in Notting Hill als Schauplatz für Anna Scotts Pressekonferenz. Hier gibt sich William als Reporter aus, um mit ihr zu sprechen.', 'Eines der bekanntesten Luxushotels Londons, oft von Prominenten besucht.', '150 Piccadilly', 'W1J 9BR', 'London', 'https://upload.wikimedia.org/wikipedia/commons/thumb/2/23/The_Ritz_(6902790412).jpg/1024px-The_Ritz_(6902790412).jpg', 51.5072051, -0.1415737, 3, 15),
(328, 'Portobello Road Market', 'In Notting Hill spaziert William Thacker hier entlang, während sich die Jahreszeiten im legendären Zeitsprung ändern.', 'Einer der bekanntesten Straßenmärkte Londons mit Vintage-Läden, Straßenkünstlern und Essensständen.', 'Portobello Road', 'W11 1LJ', 'London', 'https://upload.wikimedia.org/wikipedia/commons/c/c8/Portobello.market.london.arp.jpg', 51.5171123, -0.2058477, 3, 15),
(329, 'Coronet Theatre, Notting Hill', 'In Notting Hill 1999 geht William alleine ins Kino, um einen Film mit Anna Scott zu sehen – und merkt erst dort, dass er nicht versteht, was gesagt wird, weil der Film auf Spanisch ist.', 'Ehemaliges Kino aus dem 19. Jahrhundert, heute ein Theater und Kulturzentrum.', '103 Notting Hill Gate', 'W8 7TA', 'London', 'https://upload.wikimedia.org/wikipedia/commons/thumb/9/9d/Coronet_Theatre,_London.jpg/640px-Coronet_Theatre,_London.jpg', 51.5088223, -0.1979433, 3, 15),
(330, 'Kenwood House', 'Diente in Notting Hill als Kulisse für die Dreharbeiten von Anna Scotts fiktivem Film über Henry James.', 'Ein wunderschönes Herrenhaus mit weitläufigem Garten im Hampstead Heath Park.', 'Hampstead Ln', 'NW3 7JR', 'London', 'https://upload.wikimedia.org/wikipedia/commons/0/0b/Kenwood_House_2.jpg', 51.5715282, -0.1674865, 3, 15),
(331, 'Lansdowne Road', 'Diente in Notting Hill als Kulisse für mehrere Szenen, insbesondere die Szene, in der William mit seinem besten Freund Max spricht, nachdem Anna ihn verlassen hat.', 'Eine ruhige Wohnstraße im Herzen von Notting Hill, bekannt für ihre eleganten Stadthäuser.', 'Lansdowne Road', 'W11', 'London', 'https://upload.wikimedia.org/wikipedia/commons/thumb/4/42/HOWARD_STAUNTON_-_117_Lansdowne_Road_Notting_Hill_London_W11_2LF.jpg/800px-HOWARD_STAUNTON_-_117_Lansdowne_Road_Notting_Hill_London_W11_2LF.jpg', 51.5112734, -0.2055000, 3, 15),
(332, 'Savoy Hotel', 'Hier trifft William in Notting Hill auf Anna Scott in ihrer Hotelsuite, nachdem sie ihn angerufen hat.', 'Luxuriöses 5-Sterne-Hotel an der Themse, eines der berühmtesten Hotels Londons.', 'Strand', 'WC2R 0EZ', 'London', 'https://upload.wikimedia.org/wikipedia/commons/thumb/b/b1/Hôtel_Savoy_The_Strand_Londres_-_edited.jpg/1024px-Hôtel_Savoy_The_Strand_Londres_-_edited.jpg', 51.5102696, -0.1205312, 3, 15);
INSERT INTO `locations` (`id`, `location_name`, `film_description`, `real_description`, `street_address`, `postal_code`, `city`, `image_url`, `latitude`, `longitude`, `country_id`, `movie_id`) VALUES
(333, 'Kualoa Ranch', 'In Jurassic Park (1993) ist Kualoa Ranch der ikonische Ort, an dem Dr. Grant, Lex und Tim den ersten Blick auf die Dinosaurier in freier Wildbahn werfen. In Jurassic World (2015) wurden hier ebenfalls weite Teile des Parks gedreht, darunter die berühmte Szene mit den Gallimimus.', 'Eine riesige private Naturlandschaft auf Oahu, Hawaii, mit grünen Tälern und Bergformationen. Sie wird oft für Hollywood-Filme genutzt.', '49-560 Kamehameha Hwy', '96744', 'Kaneohe', 'https://upload.wikimedia.org/wikipedia/commons/c/c4/Kualoa_Ranch_(alternative).jpg', 21.5218000, -157.8370000, 1, 103),
(334, 'Manawaiopuna Falls', 'In Jurassic Park (1993) ist Manawaiopuna Falls der Landeplatz für den ersten Hubschrauberflug nach Isla Nublar. Dies ist die ikonische Szene, in der Dr. Grant, Ellie Sattler und Ian Malcolm zum ersten Mal den Park betreten.', 'Ein 34 Meter hoher Wasserfall auf Kauai, Hawaii, der nur per Helikopter erreichbar ist.', 'Waimea Canyon Drive', '96796', 'Kauai', 'https://upload.wikimedia.org/wikipedia/commons/d/de/Manawaiopuna_Falls.jpg', 22.0567000, -159.5023000, 1, 103),
(335, 'Na Pali Coast', 'In Jurassic Park (1993) wurde die Na Pali Coast für die berühmten Luftaufnahmen von Isla Nublar verwendet. In Jurassic World (2015) ist sie ebenfalls als Teil der Jurassic World-Parklandschaft zu sehen.', 'Eine spektakuläre Küstenlandschaft auf Kauai, Hawaii, mit steilen Klippen und grünen Tälern.', 'Na Pali Coast State Park', '96796', 'Kauai', 'https://upload.wikimedia.org/wikipedia/commons/7/7d/NaPali_overlook_Kalalau_Valley.jpg', 22.1475000, -159.5927000, 1, 103),
(336, 'Blue Hole', 'In Jurassic Park III (2001) wurde das Blue Hole als Kulisse für einige der Flugszenen genutzt, in denen die Charaktere durch prähistorische Landschaften reisen.', 'Ein beeindruckendes Karstgebiet in Belize mit Höhlen und türkisblauen Lagunen.', 'Great Blue Hole', '00000', 'Belize', 'https://upload.wikimedia.org/wikipedia/commons/a/a2/Watling\'s_Blue_Hole_San_Salvador_Island,_Bahamas.jpg', 17.3150000, -87.5340000, 1, 105),
(337, 'Mount Waialeale', 'In Jurassic Park (1993) wurde Mount Waialeale für die atemberaubenden Hubschrauberflüge nach Isla Nublar genutzt.', 'Ein erloschener Vulkan auf der hawaiianischen Insel Kauai, bekannt als einer der regenreichsten Orte der Welt.', 'Mount Waialeale', '96746', 'Kauai', 'https://upload.wikimedia.org/wikipedia/commons/9/9b/Mt._Waialeale.jpg', 22.0665000, -159.4975000, 1, 103),
(338, 'Honopu Arch', 'In Jurassic Park III (2001) diente der Honopu Arch als Teil der wilden Küstenlandschaft von Isla Sorna.', 'Ein natürlicher Felsbogen an der abgelegenen Na Pali Coast von Kauai, nur per Boot oder Schwimmen erreichbar.', 'Na Pali Coast', '96796', 'Kauai', 'https://upload.wikimedia.org/wikipedia/commons/thumb/a/a2/Honopu_Valley_Na_Pali_Coast_Kauai_Hawaii_(32406264288).jpg/640px-Honopu_Valley_Na_Pali_Coast_Kauai_Hawaii_(32406264288).jpg', 22.1532000, -159.6027000, 1, 105),
(339, 'Ghost Ranch', 'In Oppenheimer wurde Ghost Ranch genutzt, um die Umgebung von Los Alamos nachzustellen, in der sich die Wissenschaftler abseits der Forschung aufhielten.', 'Eine abgelegene Ranch in New Mexico, bekannt für ihre beeindruckenden Felsformationen und Wüstenlandschaften. Sie wurde auch in vielen anderen Filmen als Kulisse genutzt.', 'Abiquiu, NM', '87510', 'Abiquiu', 'https://upload.wikimedia.org/wikipedia/commons/f/f5/Ghost_Ranch_NNL_(35766596980).jpg', 36.2990000, -106.4930000, 11, 107),
(340, 'Princeton University', 'In Oppenheimer wurde Princeton University als Drehort für Szenen genutzt, in denen Oppenheimer Vorträge hielt und mit Einstein und anderen Wissenschaftlern über die Folgen der Atombombe diskutierte.', 'Eine der renommiertesten Universitäten der USA, an der Oppenheimer als Professor tätig war und mit anderen Physikern zusammenarbeitete.', 'Princeton, NJ', '8544', 'Princeton', 'https://upload.wikimedia.org/wikipedia/commons/4/49/Pyne_Hall,_Princeton_University.jpg', 40.3430000, -74.6514000, 1, 107),
(341, 'University of California, Berkeley', 'In Oppenheimer wurde dieser Ort für Szenen genutzt, in denen Oppenheimer als Professor lehrt und erste Kontakte mit dem Militär bezüglich des Manhattan-Projekts hat.', 'Eine bekannte Universität in Kalifornien, an der Oppenheimer vor dem Manhattan-Projekt als Professor für Theoretische Physik tätig war.', 'Berkeley, CA', '94720', 'Berkeley', 'https://upload.wikimedia.org/wikipedia/commons/thumb/1/1c/Wheeler_Hall,_University_of_California,_Berkeley.jpg/2560px-Wheeler_Hall,_University_of_California,_Berkeley.jpg', 37.8719000, -122.2585000, 1, 107),
(342, 'Institute for Advanced Study', 'In Oppenheimer wurden hier Szenen gedreht, in denen Oppenheimer über die Zukunft der Atomenergie nachdenkt und Gespräche mit Wissenschaftlern und Politikern führt.', 'Ein Forschungsinstitut in Princeton, das Oppenheimer nach dem Krieg leitete und in dem er sich mit Fragen zur Ethik der Atomkraft auseinandersetzte.', 'Princeton, NJ', '8540', 'Princeton', 'https://upload.wikimedia.org/wikipedia/commons/2/28/Fuld_Hall,_Institute_for_Advanced_Study,_Princeton,_NJ.jpg', 40.3456000, -74.6597000, 1, 107);

-- --------------------------------------------------------

--
-- Tabellenstruktur für Tabelle `movies`
--

CREATE TABLE `movies` (
  `id` int(11) NOT NULL,
  `title` varchar(255) NOT NULL,
  `description` text NOT NULL,
  `year` int(11) NOT NULL,
  `genre` varchar(50) NOT NULL
) ENGINE=InnoDB DEFAULT CHARSET=utf8mb4 COLLATE=utf8mb4_general_ci;

--
-- Daten für Tabelle `movies`
--

INSERT INTO `movies` (`id`, `title`, `description`, `year`, `genre`) VALUES
(1, 'Harry Potter und der Stein der Weisen', 'Harry Potter erfährt, dass er ein Zauberer ist, und tritt in die Hogwarts-Schule für Hexerei und Zauberei ein, wo er sich gegen Lord Voldemort behaupten muss.', 2001, 'Fantasy'),
(2, 'Harry Potter und die Kammer des Schreckens', 'Harry kehrt nach Hogwarts zurück und entdeckt eine dunkle Bedrohung, als die Kammer des Schreckens geöffnet wird und Schüler versteinert werden.', 2002, 'Fantasy'),
(3, 'Harry Potter und der Gefangene von Askaban', 'Harry erfährt von Sirius Black, einem entflohenen Gefangenen, der angeblich hinter ihm her ist, während er mehr über seine Vergangenheit entdeckt.', 2004, 'Fantasy'),
(4, 'Harry Potter und der Feuerkelch', 'Harry wird ungewollt in das Trimagische Turnier verwickelt und muss tödliche Aufgaben bewältigen, während Lord Voldemort zu neuer Stärke gelangt.', 2005, 'Fantasy'),
(5, 'Harry Potter und der Orden des Phönix', 'Harry kämpft gegen das Zaubereiministerium, das die Rückkehr von Voldemort leugnet, und gründet Dumbledores Armee, um sich auf den bevorstehenden Krieg vorzubereiten.', 2007, 'Fantasy'),
(6, 'Harry Potter und der Halbblutprinz', 'Harry entdeckt ein mysteriöses Zaubertrankbuch und erfährt von Voldemorts Horkruxen, während Dumbledore ihn auf die entscheidende Schlacht vorbereitet.', 2009, 'Fantasy'),
(7, 'Harry Potter und die Heiligtümer des Todes – Teil 1', 'Harry, Ron und Hermine machen sich auf die Suche nach Voldemorts Horkruxen, während die Zaubererwelt in Dunkelheit versinkt.', 2010, 'Fantasy'),
(8, 'Harry Potter und die Heiligtümer des Todes – Teil 2', 'Der finale Kampf um Hogwarts beginnt, als Harry sich Voldemort ein letztes Mal stellt, um die Zaubererwelt zu retten.', 2011, 'Fantasy'),
(9, 'Phantastische Tierwesen und wo sie zu finden sind', 'Ein magisches Abenteuer aus der Welt von Harry Potter, das Newt Scamander auf seiner Reise nach New York begleitet.', 2016, 'Fantasy'),
(10, 'Dead Poets Society', 'Ein inspirierendes Drama über einen unkonventionellen Lehrer, der seine Schüler mit Poesie motiviert.', 1989, 'Drama'),
(11, 'La La Land', 'Ein romantisches Musical über zwei Träumer, Mia und Sebastian, die in Los Angeles nach Erfolg suchen.', 2016, 'Musical'),
(12, 'Die fabelhafte Welt der Amélie', 'Eine romantische Komödie über eine junge Frau, die das Leben ihrer Mitmenschen heimlich verbessert.', 2001, 'Romance, Comedy'),
(13, 'Paddington', 'Ein liebenswerter Bär aus Peru reist nach London, wo er bei Familie Brown lebt.', 2014, 'Family'),
(14, 'Paddington 2', 'Paddington sucht nach einem besonderen Geschenk für Tante Lucy, doch das Abenteuer nimmt eine unerwartete Wendung.', 2017, 'Family'),
(15, 'Notting Hill', 'Romantische Komödie mit Hugh Grant & Julia Roberts über eine unwahrscheinliche Liebesgeschichte.', 1999, 'Romance'),
(16, 'Spider-Man', 'Peter Parker wird nach dem Biss einer genetisch veränderten Spinne zu Spider-Man und kämpft gegen den Grünen Kobold, während er mit seiner neuen Identität zurechtkommen muss.', 2002, 'Superhero'),
(17, 'Spider-Man 2', 'Peter Parker kämpft gegen Dr. Otto Octavius alias Doc Ock, während er mit der Last seiner Verantwortung als Spider-Man zu kämpfen hat.', 2004, 'Superhero'),
(18, 'Spider-Man 3', 'Peter Parker gerät in einen inneren Konflikt, als der schwarze Symbiont-Anzug sein Verhalten verändert und er gegen Sandman, Harry Osborn als neuer Kobold und Venom kämpfen muss.', 2007, 'Superhero'),
(19, 'The Da Vinci Code', 'Mystery-Thriller basierend auf Dan Browns Bestseller, in dem Robert Langdon einer jahrhundertealten Verschwörung auf der Spur ist.', 2006, 'Thriller'),
(20, 'Gladiator', 'Ein episches Historien-Drama über einen römischen General, der als Gladiator gegen das Imperium kämpft.', 2000, 'Historienfilm'),
(21, 'Zurück in die Zukunft', 'Ein Klassiker von Robert Zemeckis, in dem Marty McFly mit einem DeLorean durch die Zeit reist.', 1985, 'Science Fiction'),
(22, 'Zurück in die Zukunft 2', 'Ein Klassiker von Robert Zemeckis, in dem Marty McFly mit einem DeLorean durch die Zeit reist.', 1989, 'Science Fiction'),
(23, 'Sherlock Holmes', 'Der berühmte Detektiv Sherlock Holmes und sein Partner Dr. John Watson jagen einen mysteriösen Kriminellen, der scheinbar übernatürliche Kräfte besitzt.', 2009, 'Mystery, Action'),
(24, 'Sherlock Holmes: Spiel im Schatten', 'Sherlock Holmes und Dr. Watson stehen ihrem gefährlichsten Gegner gegenüber: Professor Moriarty. Ihre Reise führt sie quer durch Europa in einem tödlichen Katz-und-Maus-Spiel.', 2011, 'Mystery, Action'),
(25, 'Knives Out', 'Ein moderner Krimi von Rian Johnson, in dem Detektiv Benoit Blanc den Tod von Harlan Thrombey untersucht.', 2019, 'Mystery/Thriller'),
(26, 'E.T. – Der Außerirdische', 'Science-Fiction-Film von Steven Spielberg über die Freundschaft zwischen einem Jungen und einem gestrandeten Alien.', 1982, 'Science-Fiction'),
(27, 'Die Goonies', 'Ein Abenteuerfilm über eine Gruppe von Kindern, die einen Piratenschatz suchen, während sie von Gangstern verfolgt werden.', 1985, 'Adventure'),
(28, 'Stand by Me', 'Ein nostalgischer Coming-of-Age-Film basierend auf Stephen Kings Kurzgeschichte \"The Body\". Vier Jungen machen sich auf die Suche nach einer Leiche und entdecken dabei viel über Freundschaft und sich selbst.', 1986, 'Drama'),
(29, 'Jumanji', 'Fantasy-Abenteuerfilm mit Robin Williams, in dem ein magisches Brettspiel die Realität verändert.', 1995, 'Fantasy'),
(30, 'Tick, Tick... Boom!', 'Biografischer Musicalfilm über den Komponisten Jonathan Larson, der an seinem Durchbruch arbeitet und die Zeit gegen sich laufen sieht.', 2021, 'Musical, Drama, Biografie'),
(31, 'West Side Story (1961)', 'Ein musikalischer Liebesfilm, inspiriert von Romeo und Julia, der die Rivalität zwischen zwei Gangs in New York zeigt. Regie: Jerome Robbins & Robert Wise.', 1961, 'Musical'),
(32, 'West Side Story (2021)', 'Eine moderne Neuverfilmung des klassischen Musicals von Steven Spielberg, die sich enger an das ursprüngliche Broadway-Musical hält.', 2021, 'Musical'),
(33, 'Les Misérables', 'Historisches Drama basierend auf dem Roman von Victor Hugo.', 2012, 'Drama, Musical'),
(34, 'Into the Woods', 'Musical-Fantasyfilm, der klassische Märchenfiguren in einem dunkleren Licht zeigt.', 2014, 'Fantasy'),
(35, 'Stolz und Vorurteil', 'Romanverfilmung nach Jane Austens Klassiker, in der Elizabeth Bennet und Mr. Darcy ihre anfänglichen Vorurteile überwinden.', 2005, 'Drama, Romantik'),
(36, 'Emma', 'Eine stilvolle Adaption des Romans von Jane Austen über die wohlhabende und eigensinnige Emma Woodhouse.', 2020, 'Drama, Romance'),
(37, 'Jane Eyre', 'Romanverfilmung des Klassikers von Charlotte Brontë. Die Geschichte von Jane, ihrer Liebe zu Mr. Rochester und ihrem Kampf um Unabhängigkeit.', 2011, 'Drama'),
(38, 'Die Tribute von Panem – The Hunger Games', 'Der erste Film der Reihe, in dem Katniss Everdeen aus Distrikt 12 in die Hungerspiele geschickt wird.', 2012, 'Science Fiction'),
(39, 'Die Tribute von Panem – Catching Fire', 'Katniss und Peeta müssen erneut in die Arena des 75. Hungerspiels, während die Rebellion wächst.', 2013, 'Science Fiction'),
(40, 'Die Tribute von Panem – Mockingjay Teil 1', 'Katniss wird zur Symbolfigur der Rebellion gegen das Kapitol und führt die Rebellen an.', 2014, 'Science Fiction'),
(41, 'Die Tribute von Panem – Mockingjay Teil 2', 'Der letzte Kampf zwischen Katniss und Präsident Snow im Kapitol entscheidet das Schicksal von Panem.', 2015, 'Science Fiction'),
(42, 'Die Tribute von Panem – The Ballad of Songbirds and Snakes', 'Prequel zu \"Die Tribute von Panem\", das die Geschichte von Coriolanus Snow erzählt, lange bevor er zum tyrannischen Präsidenten von Panem wurde.', 2023, 'Science-Fiction'),
(43, 'Der Herr der Ringe: Die Gefährten', 'Der erste Film der epischen Trilogie von Peter Jackson, basierend auf J.R.R. Tolkiens Roman. Frodo Beutlin erhält den einen Ring und beginnt seine Reise nach Mordor.', 2001, 'Fantasy'),
(44, 'Der Herr der Ringe: Die Zwei Türme', 'Der zweite Teil der Trilogie zeigt die geteilte Gefährtengruppe: Frodo und Sam reisen weiter nach Mordor, während Aragorn, Legolas und Gimli Rohan zu Hilfe eilen.', 2002, 'Fantasy'),
(45, 'Der Herr der Ringe: Die Rückkehr des Königs', 'Der epische Abschluss der Trilogie: Während die Schlacht um Mittelerde tobt, erreicht Frodo mit Sam endlich Mordor, um den einen Ring zu zerstören.', 2003, 'Fantasy'),
(46, 'Der Hobbit: Eine unerwartete Reise', 'Der erste Film der *Hobbit*-Trilogie, in dem Bilbo Beutlin mit Gandalf und den Zwergen aufbricht, um den Einsamen Berg zurückzuerobern.', 2012, 'Fantasy'),
(47, 'Der Hobbit: Smaugs Einöde', 'Der zweite Teil der *Hobbit*-Trilogie, in dem Bilbo und die Zwerge durch den Düsterwald reisen und auf den Drachen Smaug treffen.', 2013, 'Fantasy'),
(48, 'Der Hobbit: Die Schlacht der fünf Heere', 'Der letzte Film der *Hobbit*-Trilogie, in dem sich fünf Armeen in einer gewaltigen Schlacht gegenüberstehen und das Schicksal von Erebor besiegelt wird.', 2014, 'Fantasy'),
(49, 'Die Chroniken von Narnia: Der König von Narnia', 'Fantasy-Film basierend auf dem ersten Buch der Narnia-Reihe von C.S. Lewis.', 2005, 'Fantasy'),
(50, 'Die Chroniken von Narnia: Prinz Kaspian von Narnia', 'Zweiter Film der Narnia-Reihe, in dem die Pevensie-Geschwister nach Narnia zurückkehren.', 2008, 'Fantasy'),
(51, 'Die Chroniken von Narnia: Die Reise auf der Morgenröte', 'Dritter Film der Narnia-Reihe, in dem Edmund und Lucy auf ein großes Seeabenteuer gehen.', 2010, 'Fantasy'),
(52, 'Kevin – Allein zu Haus', 'Kult-Weihnachtskomödie von 1990, in der der 8-jährige Kevin McCallister versehentlich von seiner Familie zu Hause vergessen wird und sich gegen zwei Einbrecher verteidigen muss.', 1990, 'Komödie'),
(53, 'Parasite', 'Ein südkoreanischer Thriller von Bong Joon-ho über soziale Klassenunterschiede.', 2019, 'Thriller'),
(54, 'Train to Busan', 'Südkoreanischer Zombie-Thriller über eine Gruppe von Zugpassagieren, die während einer Epidemie ums Überleben kämpfen.', 2016, 'Horror, Thriller'),
(55, 'Mamma Mia!', 'Ein Musicalfilm basierend auf den ABBA-Songs, in dem Sophie versucht, ihren Vater zu finden.', 2008, 'Musical'),
(56, 'Mamma Mia! Here We Go Again', 'Die Vorgeschichte von Donna, als sie nach Kalokairi kam, kombiniert mit einer Fortsetzung.', 2018, 'Musical'),
(57, 'Marvel’s The Avengers', 'Die Avengers müssen Loki und seine Armee aufhalten, die New York angreifen.', 2012, 'Action, Sci-Fi'),
(58, 'Avengers: Age of Ultron', 'Tony Stark erschafft Ultron, doch der bösartige KI-Roboter bedroht die Welt.', 2015, 'Action, Sci-Fi'),
(59, 'Avengers: Infinity War', 'Thanos beginnt seine Suche nach den Infinity-Steinen, um das Universum zu halbieren.', 2018, 'Action, Sci-Fi'),
(60, 'Avengers: Endgame', 'Die überlebenden Avengers reisen durch die Zeit, um Thanos zu besiegen und das Universum zu retten.', 2019, 'Action, Sci-Fi'),
(61, 'Captain America: The First Avenger', 'Steve Rogers wird zum Supersoldaten Captain America, um Hydra im Zweiten Weltkrieg zu bekämpfen.', 2011, 'Superhero'),
(62, 'Captain America: The Winter Soldier', 'Captain America deckt eine Verschwörung innerhalb von S.H.I.E.L.D. auf und muss sich dem Winter Soldier stellen.', 2014, 'Superhero'),
(63, 'Captain America: Civil War', 'Ein Konflikt zwischen Iron Man und Captain America spaltet die Avengers in zwei Fraktionen.', 2016, 'Superhero'),
(64, 'Iron Man', 'Der erste Film des Marvel Cinematic Universe, in dem Tony Stark zum Iron Man wird.', 2008, 'Action'),
(65, 'Iron Man 2', 'Tony Stark muss sich mit den Folgen seiner Identität als Iron Man auseinandersetzen und trifft auf den Bösewicht Whiplash.', 2010, 'Action'),
(66, 'Iron Man 3', 'Tony Stark kämpft gegen den Mandarin und seine gefährlichen Extremis-Soldaten.', 2013, 'Action'),
(67, 'The Danish Girl', 'Ein Biografiefilm über Lili Elbe, eine der ersten bekannten Transfrauen, basierend auf einer wahren Geschichte.', 2015, 'Drama'),
(68, 'Der Pate', 'Mafia-Epos über die Familie Corleone und den Aufstieg von Michael Corleone in die Welt des organisierten Verbrechens.', 1972, 'Crime, Drama'),
(69, 'Joker', 'Psychologischer Thriller über Arthur Fleck, einen gescheiterten Comedian, der zur Ikone des Chaos wird.', 2019, 'Thriller'),
(70, 'Grand Budapest Hotel', 'Ein visuell beeindruckender Film von Wes Anderson über ein Luxushotel und seine skurrilen Gäste.', 2014, 'Comedy'),
(71, 'The Shining', 'Ein psychologischer Horrorfilm von Stanley Kubrick, basierend auf Stephen Kings gleichnamigem Roman. Ein Schriftsteller nimmt einen Winterjob in einem abgelegenen Hotel an, wo er zunehmend dem Wahnsinn verfällt.', 1980, 'Horror'),
(72, 'Ghostbusters', 'Eine Gruppe von Wissenschaftlern gründet ein Geisterjäger-Team, um New York City vor paranormalen Bedrohungen zu schützen.', 1984, 'Comedy, Sci-Fi'),
(73, 'Ghostbusters II', 'Fünf Jahre nach den Ereignissen des ersten Films müssen die Ghostbusters New York erneut vor einer übernatürlichen Bedrohung retten.', 1989, 'Comedy, Sci-Fi'),
(74, 'The Amazing Spider-Man', 'Peter Parker entdeckt seine Superkräfte und stellt sich dem Lizard.', 2012, 'Superhero'),
(75, 'The Amazing Spider-Man 2', 'Spider-Man kämpft gegen Electro und Green Goblin, während er mit Gwens Schicksal hadert.', 2014, 'Superhero'),
(76, 'Star Wars: Episode IV - Eine neue Hoffnung', 'Der erste Star Wars Film aus dem Jahr 1977, in dem Luke Skywalker die Reise zum Jedi beginnt und die Rebellen den Todesstern zerstören.', 1977, 'Science Fiction'),
(77, 'Star Wars: Episode V - Das Imperium schlägt zurück', 'Der zweite Film der klassischen Trilogie aus dem Jahr 1980, in dem Luke Skywalker gegen Darth Vader kämpft und die Rebellen auf Hoth fliehen müssen.', 1980, 'Science Fiction'),
(78, 'Star Wars: Episode VI - Die Rückkehr der Jedi-Ritter', 'Das epische Finale der klassischen Trilogie von 1983, in dem Luke Skywalker Darth Vader konfrontiert und die Rebellen gegen das Imperium kämpfen.', 1983, 'Science Fiction'),
(79, 'Slumdog Millionär', 'Ein junger Mann aus den Slums von Mumbai nimmt an der indischen Version von \"Wer wird Millionär?\" teil und reflektiert dabei seine bewegte Vergangenheit.', 2008, 'Drama'),
(80, 'James Bond 007 - Im Geheimdienst Ihrer Majestät', 'Agent 007 muss Blofeld aufhalten, der mit einer tödlichen Biowaffe die Welt bedroht.', 1969, 'Action'),
(81, 'James Bond 007 - Casino Royale', 'James Bond spielt ein tödliches Pokerturnier gegen den Terror-Finanzier Le Chiffre.', 2006, 'Action'),
(82, 'James Bond 007 - Skyfall', 'Als MI6 kompromittiert wird, muss Bond in seine Vergangenheit zurückkehren.', 2012, 'Action'),
(83, 'James Bond 007 - Spectre', 'Bond deckt eine globale Verschwörung auf, die bis in seine eigene Vergangenheit reicht.', 2015, 'Action'),
(84, 'James Bond 007 - Keine Zeit zu Sterben', 'Bond wird aus dem Ruhestand geholt, um eine neue Bedrohung zu stoppen.', 2021, 'Action'),
(85, 'James Bond 007 - Die Welt ist nicht genug', 'Bond muss einen Anschlag auf eine Ölpipeline verhindern, während er von einer Femme Fatale verfolgt wird.', 1999, 'Action'),
(86, 'James Bond 007 - GoldenEye', 'Ein gestohlener Satelliten-Waffe bedroht die Welt, und Bond muss seinen alten Freund Alec Trevelyan stoppen.', 1995, 'Action'),
(87, 'James Bond 007 - Im Angesicht des Todes', 'Bond jagt den wahnsinnigen Geschäftsmann Max Zorin, der Silicon Valley zerstören will.', 1985, 'Action'),
(88, 'James Bond 007 - Man lebt nur zweimal', 'Bond wird nach Japan geschickt, um einen Weltraumsatellitenangriff zu verhindern.', 1967, 'Action'),
(89, 'Alice im Wunderland', 'Fantasy-Film von Tim Burton mit Johnny Depp und Mia Wasikowska, basierend auf Lewis Carrolls Klassiker.', 2010, 'Fantasy'),
(90, 'Alice im Wunderland: Hinter den Spiegeln', 'Fortsetzung von Alice im Wunderland (2010), in der Alice durch die Zeit reist, um das Wunderland zu retten.', 2016, 'Fantasy'),
(91, 'Die Schöne und das Biest', 'Eine märchenhafte Liebesgeschichte über Belle, die sich in ein verzaubertes Schloss wagt und das Biest kennenlernt.', 2017, 'Fantasy'),
(92, 'Maleficent – Die dunkle Fee', 'Fantasy-Film mit Angelina Jolie als dunkle Fee, inspiriert von Dornröschen.', 2014, 'Fantasy'),
(93, 'Cinderella', 'Eine märchenhafte Verfilmung von Disneys Cinderella mit Lily James als Ella.', 2015, 'Fantasy'),
(94, 'Schindlers Liste', 'Ein historisches Drama über Oskar Schindler, der während des Holocaust über 1.000 Juden vor der Deportation rettete.', 1993, 'Historisch, Drama'),
(95, 'Forrest Gump', 'Ein epischer Film über das außergewöhnliche Leben von Forrest Gump, gespielt von Tom Hanks.', 1994, 'Drama'),
(96, '12 Years a Slave', 'Historisches Drama basierend auf der Autobiografie von Solomon Northup, der als freier Mann entführt und in die Sklaverei verkauft wurde.', 2013, 'Drama, Historisch'),
(97, 'Thor', 'Marvels erstes Solo-Abenteuer von Thor, dem Donnergott.', 2011, 'Superhero'),
(98, 'Thor The Dark World', 'Fortsetzung mit Thor gegen Malekith und die Dunkelelfen.', 2013, 'Superhero'),
(99, 'Thor Ragnarok', 'Thor muss aus Sakaar fliehen, um Ragnarök zu verhindern.', 2017, 'Superhero'),
(100, 'Black Panther', 'Ein Marvel-Film über T’Challa, den König von Wakanda, der sein Volk und sein Erbe vor Bedrohungen schützen muss.', 2018, 'Superhero'),
(101, 'The Sound of Music', 'Musicalfilm basierend auf der Geschichte der Familie von Trapp, mit ikonischen Liedern und atemberaubenden Landschaften in Salzburg.', 1965, 'Musical'),
(102, '1917', 'Ein eindrucksvoller Kriegsfilm, der den Ersten Weltkrieg in einer einzigen Kamerafahrt erzählt.', 2019, 'Kriegsfilm'),
(103, 'Jurassic Park', 'Ein bahnbrechender Sci-Fi-Film über einen Dinosaurier-Themenpark, der außer Kontrolle gerät.', 1993, 'Sci-Fi'),
(104, 'The Lost World: Jurassic Park', 'Die Fortsetzung von Jurassic Park, in der Dinosaurier auf einer zweiten Insel entdeckt werden.', 1997, 'Sci-Fi'),
(105, 'Jurassic Park III', 'Ein Abenteuerfilm, in dem eine Gruppe von Überlebenden auf Isla Sorna festsitzt.', 2001, 'Sci-Fi'),
(106, 'Jurassic World', 'Die Wiedereröffnung des Dinosaurierparks führt zu einer Katastrophe, als ein genetisch modifizierter Raptor entkommt.', 2015, 'Sci-Fi'),
(107, 'Oppenheimer', 'Ein biografisches Drama über J. Robert Oppenheimer und die Entwicklung der Atombombe im Rahmen des Manhattan-Projekts, inszeniert von Christopher Nolan.', 2023, 'Biografie, Drama, Historie');

-- --------------------------------------------------------

--
-- Tabellenstruktur für Tabelle `movie_themes`
--

CREATE TABLE `movie_themes` (
  `movie_id` int(11) NOT NULL,
  `theme_id` int(11) NOT NULL
) ENGINE=InnoDB DEFAULT CHARSET=utf8mb4 COLLATE=utf8mb4_general_ci;

--
-- Daten für Tabelle `movie_themes`
--

INSERT INTO `movie_themes` (`movie_id`, `theme_id`) VALUES
(1, 1),
(2, 1),
(3, 1),
(4, 1),
(5, 1),
(6, 1),
(7, 1),
(8, 1),
(11, 5),
(11, 10),
(21, 9),
(22, 9),
(23, 8),
(24, 8),
(25, 8),
(26, 9),
(26, 10),
(27, 9),
(28, 9),
(29, 9),
(30, 5),
(31, 5),
(32, 5),
(33, 5),
(34, 7),
(35, 4),
(36, 4),
(37, 4),
(43, 2),
(44, 2),
(45, 2),
(46, 2),
(47, 2),
(48, 2),
(49, 3),
(50, 3),
(51, 3),
(52, 9),
(53, 10),
(55, 5),
(56, 5),
(57, 6),
(58, 6),
(59, 6),
(60, 6),
(61, 6),
(62, 6),
(63, 6),
(64, 6),
(65, 6),
(66, 6),
(67, 10),
(68, 10),
(69, 10),
(72, 9),
(73, 9),
(79, 10),
(89, 7),
(90, 7),
(91, 7),
(92, 7),
(93, 7),
(94, 10),
(95, 10),
(96, 10),
(100, 10),
(101, 5),
(101, 10),
(102, 10);

-- --------------------------------------------------------

--
-- Tabellenstruktur für Tabelle `themes`
--

CREATE TABLE `themes` (
  `id` int(11) NOT NULL,
  `name` varchar(255) NOT NULL
) ENGINE=InnoDB DEFAULT CHARSET=utf8mb4 COLLATE=utf8mb4_general_ci;

--
-- Daten für Tabelle `themes`
--

INSERT INTO `themes` (`id`, `name`) VALUES
(5, 'Broadway auf der Leinwand'),
(3, 'C.S. Lewis\' Tor in eine andere Welt'),
(9, 'Die Nostalgie der 80er & 90er'),
(7, 'Die Wunder der Märchenwelt'),
(1, 'J.K. Rowlings magische Welt'),
(6, 'Marvels Helden-Saga'),
(10, 'Oscar-prämierte Meisterwerke'),
(4, 'Regency Romantik & Teepartys'),
(8, 'Sherlock & die Meisterdetektive'),
(2, 'Tolkiens Mittelerde-Saga');

--
-- Indizes der exportierten Tabellen
--

--
-- Indizes für die Tabelle `countries`
--
ALTER TABLE `countries`
  ADD PRIMARY KEY (`id`);

--
-- Indizes für die Tabelle `locations`
--
ALTER TABLE `locations`
  ADD PRIMARY KEY (`id`),
  ADD KEY `fk_movie` (`movie_id`),
  ADD KEY `fk_country` (`country_id`);

--
-- Indizes für die Tabelle `movies`
--
ALTER TABLE `movies`
  ADD PRIMARY KEY (`id`);

--
-- Indizes für die Tabelle `movie_themes`
--
ALTER TABLE `movie_themes`
  ADD PRIMARY KEY (`movie_id`,`theme_id`),
  ADD KEY `theme_id` (`theme_id`);

--
-- Indizes für die Tabelle `themes`
--
ALTER TABLE `themes`
  ADD PRIMARY KEY (`id`),
  ADD UNIQUE KEY `name` (`name`);

--
-- AUTO_INCREMENT für exportierte Tabellen
--

--
-- AUTO_INCREMENT für Tabelle `countries`
--
ALTER TABLE `countries`
  MODIFY `id` int(11) NOT NULL AUTO_INCREMENT, AUTO_INCREMENT=61;

--
-- AUTO_INCREMENT für Tabelle `locations`
--
ALTER TABLE `locations`
  MODIFY `id` int(11) NOT NULL AUTO_INCREMENT, AUTO_INCREMENT=343;

--
-- AUTO_INCREMENT für Tabelle `movies`
--
ALTER TABLE `movies`
  MODIFY `id` int(11) NOT NULL AUTO_INCREMENT, AUTO_INCREMENT=110;

--
-- AUTO_INCREMENT für Tabelle `themes`
--
ALTER TABLE `themes`
  MODIFY `id` int(11) NOT NULL AUTO_INCREMENT, AUTO_INCREMENT=11;

--
-- Constraints der exportierten Tabellen
--

--
-- Constraints der Tabelle `locations`
--
ALTER TABLE `locations`
  ADD CONSTRAINT `fk_country` FOREIGN KEY (`country_id`) REFERENCES `countries` (`id`) ON DELETE CASCADE ON UPDATE CASCADE,
  ADD CONSTRAINT `fk_movie` FOREIGN KEY (`movie_id`) REFERENCES `movies` (`id`) ON DELETE CASCADE ON UPDATE CASCADE;

--
-- Constraints der Tabelle `movie_themes`
--
ALTER TABLE `movie_themes`
  ADD CONSTRAINT `movie_themes_ibfk_1` FOREIGN KEY (`movie_id`) REFERENCES `movies` (`id`) ON DELETE CASCADE,
  ADD CONSTRAINT `movie_themes_ibfk_2` FOREIGN KEY (`theme_id`) REFERENCES `themes` (`id`) ON DELETE CASCADE;
COMMIT;

/*!40101 SET CHARACTER_SET_CLIENT=@OLD_CHARACTER_SET_CLIENT */;
/*!40101 SET CHARACTER_SET_RESULTS=@OLD_CHARACTER_SET_RESULTS */;
/*!40101 SET COLLATION_CONNECTION=@OLD_COLLATION_CONNECTION */;
